group,traj,frame,particle,label
1,4,600,804,1
1,4,200,490,1
1,4,200,260,1
1,4,400,213,1
1,4,400,232,1
1,4,300,403,1
1,4,600,142,1
1,4,100,100,1
1,4,200,417,1
1,4,200,821,1
1,4,300,208,1
1,4,500,376,1
1,4,400,89,1
1,4,500,552,1
1,4,400,611,1
1,4,200,602,1
1,4,400,182,1
1,4,400,427,1
1,4,400,171,1
1,4,400,339,1
1,4,200,185,1
1,4,100,795,1
1,4,300,787,1
1,4,300,731,1
1,4,500,225,1
1,4,200,457,1
1,4,700,455,1
1,4,100,88,1
1,4,600,296,1
1,4,100,172,1
1,4,100,786,1
1,4,300,387,1
1,4,300,748,1
1,4,400,726,1
1,4,200,239,1
1,4,200,637,1
1,4,500,607,1
1,4,300,533,1
1,4,400,606,1
1,4,300,621,1
1,4,400,319,1
1,4,600,91,1
1,4,300,854,1
1,4,500,442,1
1,4,500,84,1
1,4,600,36,1
1,4,700,731,1
1,4,600,840,1
1,4,100,661,1
1,4,200,536,1
1,4,400,509,1
1,4,200,730,1
1,4,700,856,1
1,4,100,106,1
1,4,100,356,1
1,4,300,846,1
1,4,600,204,1
1,4,300,780,1
1,4,300,767,1
1,4,300,128,1
1,4,500,503,1
1,4,200,119,1
1,4,500,633,1
1,4,300,330,1
1,4,200,412,1
1,4,600,416,1
1,4,300,14,1
1,4,100,799,1
1,4,500,260,1
1,4,100,464,1
1,4,400,632,1
1,4,200,862,1
1,4,700,56,1
1,4,100,548,1
1,4,500,678,1
1,4,300,752,1
1,4,300,724,1
1,4,400,832,1
1,4,400,168,1
1,4,300,433,1
1,4,400,624,1
1,4,200,526,1
1,4,600,292,1
1,4,300,150,1
1,4,200,373,1
1,4,200,471,1
1,4,300,143,1
1,4,300,641,1
1,4,600,422,1
1,4,600,725,1
1,4,200,522,1
1,4,400,268,1
1,4,400,377,1
1,4,400,594,1
1,4,700,763,1
1,4,400,581,1
1,4,400,108,1
1,4,300,441,1
1,4,100,781,1
1,4,200,544,1
1,4,300,813,1
1,4,600,135,1
1,4,200,439,1
1,4,600,607,1
1,4,300,134,1
1,4,100,604,1
1,4,200,333,1
1,4,200,128,1
1,4,100,852,1
1,4,300,655,1
1,4,600,510,1
1,4,200,846,1
1,4,100,770,1
1,4,500,649,1
1,4,600,31,1
1,4,500,502,1
1,4,100,81,1
1,4,700,253,1
1,4,200,455,1
1,4,500,89,1
1,4,600,691,1
1,4,700,561,1
1,4,200,270,1
1,4,300,282,1
1,4,300,672,1
1,4,500,537,1
1,4,700,844,1
1,4,600,759,1
1,4,100,421,1
1,4,600,625,1
1,4,200,794,1
1,4,600,179,1
1,4,400,196,1
1,4,400,16,1
1,4,500,416,1
1,4,400,583,1
1,4,600,306,1
1,4,700,836,1
1,4,100,182,1
1,4,300,522,1
1,4,600,554,1
1,4,300,770,1
1,4,100,622,1
1,4,500,535,1
1,4,400,772,1
1,4,200,72,1
1,4,300,376,1
1,4,300,671,1
1,4,600,444,1
1,4,400,98,1
1,4,100,699,1
1,4,600,862,1
1,4,400,224,1
1,4,100,229,1
1,4,400,103,1
1,4,500,670,1
1,4,600,813,1
1,4,200,264,1
1,4,100,233,1
1,4,500,754,1
1,4,100,814,1
1,4,300,498,1
1,4,100,382,1
1,4,500,674,1
1,4,400,147,1
1,4,200,854,1
1,4,600,137,1
1,4,300,503,1
1,4,700,18,1
1,4,200,351,1
1,4,700,33,1
1,4,300,423,1
1,4,400,564,1
1,4,600,473,1
1,4,700,536,1
1,4,300,167,1
1,4,300,559,1
1,4,600,614,1
1,4,400,126,1
1,4,600,294,1
1,4,300,43,1
1,4,500,33,1
1,4,100,705,1
1,4,400,758,1
1,4,100,809,1
1,4,600,639,1
1,4,300,664,1
1,4,200,581,1
1,4,300,715,1
1,4,700,668,1
1,4,400,450,1
1,4,600,547,1
1,4,400,526,1
1,4,200,640,1
1,4,600,839,1
1,4,600,518,1
1,4,400,804,1
1,4,300,814,1
1,4,400,8,1
1,4,700,772,1
1,4,200,671,1
1,4,200,765,1
1,4,600,237,1
1,4,100,239,1
1,4,500,444,1
1,4,100,341,1
1,4,300,118,1
1,4,400,197,1
1,4,200,387,1
1,4,100,532,1
1,4,300,100,1
1,4,200,842,1
1,4,300,289,1
1,4,100,377,1
1,4,200,747,1
1,4,400,592,1
1,4,200,783,1
1,4,200,512,1
1,4,100,514,1
1,4,300,273,1
1,4,400,363,1
1,4,600,705,1
1,4,400,382,1
1,4,300,744,1
1,4,200,134,1
1,4,200,280,1
1,4,100,142,1
1,4,700,140,1
1,4,600,667,1
1,4,200,651,1
1,4,100,768,1
1,4,200,246,1
1,4,400,56,1
1,4,800,89,1
1,4,300,669,1
1,4,600,89,1
1,4,100,516,1
1,4,100,648,1
1,4,300,736,1
1,4,600,697,1
1,4,600,193,1
1,4,400,531,1
1,4,400,351,1
1,4,700,248,1
1,4,100,820,1
1,4,300,60,1
1,4,300,300,1
1,4,700,657,1
1,4,700,745,1
1,4,500,445,1
1,4,400,370,1
1,4,300,34,1
1,4,400,850,1
1,4,600,559,1
1,4,600,260,1
1,4,700,503,1
1,4,300,475,1
1,4,300,635,1
1,4,200,791,1
1,4,100,662,1
1,4,700,538,1
1,4,400,223,1
1,4,300,710,1
1,4,600,115,1
1,4,200,156,1
1,4,700,773,1
1,4,600,781,1
1,4,300,267,1
1,4,400,49,1
1,4,400,553,1
1,4,400,110,1
1,4,400,807,1
1,4,600,400,1
1,4,400,400,1
1,4,100,546,1
1,4,300,395,1
1,4,200,300,1
1,4,600,33,1
1,4,300,370,1
1,4,200,393,1
1,4,600,767,1
1,4,500,835,1
1,4,400,143,1
1,4,200,337,1
1,4,300,631,1
1,4,100,310,1
1,4,300,489,1
1,4,200,612,1
1,4,100,740,1
1,4,200,135,1
1,4,600,509,1
1,4,300,214,1
1,4,300,392,1
1,4,600,59,1
1,4,200,178,1
1,4,200,163,1
1,4,400,459,1
1,4,100,129,1
1,4,400,812,1
1,4,600,563,1
1,4,300,311,1
1,4,700,77,1
1,4,400,792,1
1,4,300,52,1
1,4,100,431,1
1,4,300,634,1
1,4,500,249,1
1,4,100,376,1
1,4,100,388,1
1,4,600,485,1
1,4,300,69,1
1,4,200,67,1
1,4,200,0,1
1,4,300,821,1
1,4,300,203,1
1,4,500,166,1
1,4,100,469,1
1,4,600,213,1
1,4,300,774,1
1,4,500,99,1
1,4,600,638,1
1,4,200,697,1
1,4,300,171,1
1,4,600,508,1
1,4,400,819,1
1,4,300,358,1
1,4,400,485,1
1,4,400,346,1
1,4,100,396,1
1,4,400,569,1
1,4,400,222,1
1,4,100,317,1
1,4,400,131,1
1,4,300,114,1
1,4,700,93,1
1,4,200,598,1
1,4,200,161,1
1,4,600,592,1
1,4,400,852,1
1,4,600,96,1
1,4,300,290,1
1,4,500,623,1
1,4,300,754,1
1,4,500,493,1
1,4,100,685,1
1,4,200,445,1
1,4,400,288,1
1,4,300,334,1
1,4,300,187,1
1,4,300,59,1
1,4,100,725,1
1,4,200,817,1
1,4,400,144,1
1,4,400,383,1
1,4,400,397,1
1,4,600,328,1
1,4,400,349,1
1,4,300,15,1
1,4,100,187,1
1,4,300,139,1
1,4,400,180,1
1,4,300,479,1
1,4,300,107,1
1,4,600,555,1
1,4,200,432,1
1,4,400,410,1
1,4,100,159,1
1,4,500,725,1
1,4,200,590,1
1,4,300,105,1
1,4,500,662,1
1,4,700,337,1
1,4,100,583,1
1,4,400,457,1
1,4,500,394,1
1,4,200,175,1
1,4,600,175,1
1,4,600,409,1
1,4,300,292,1
1,4,300,368,1
1,4,100,289,1
1,4,600,541,1
1,4,300,722,1
1,4,400,237,1
1,4,300,539,1
1,4,200,25,1
1,4,200,219,1
1,4,400,353,1
1,4,400,645,1
1,4,600,268,1
1,4,400,167,1
1,4,200,60,1
1,4,700,352,1
1,4,200,777,1
1,4,500,349,1
1,4,300,545,1
1,4,300,356,1
1,4,500,498,1
1,4,400,326,1
1,4,500,792,1
1,4,500,140,1
1,4,300,822,1
1,4,400,589,1
1,4,400,798,1
1,4,500,673,1
1,4,100,750,1
1,4,300,455,1
1,4,600,448,1
1,4,100,93,1
1,4,600,42,1
1,4,100,752,1
1,4,400,727,1
1,4,300,495,1
1,4,500,192,1
1,4,200,182,1
1,4,200,704,1
1,4,100,134,1
1,4,500,214,1
1,4,400,847,1
1,4,700,420,1
1,4,500,36,1
1,4,100,605,1
1,4,400,471,1
1,4,400,47,1
1,4,500,562,1
1,4,400,570,1
1,4,200,795,1
1,4,600,221,1
1,4,400,522,1
1,4,600,493,1
1,4,600,242,1
1,4,100,628,1
1,4,500,198,1
1,4,100,475,1
1,4,300,402,1
1,4,200,78,1
1,4,500,130,1
1,4,400,88,1
1,4,600,552,1
1,4,200,663,1
1,4,300,437,1
1,4,200,220,1
1,4,400,542,1
1,4,100,787,1
1,4,300,166,1
1,4,500,686,1
1,4,600,574,1
1,4,700,459,1
1,4,400,341,1
1,4,400,757,1
1,4,400,810,1
1,4,700,468,1
1,4,200,796,1
1,4,400,375,1
1,4,200,501,1
1,4,500,581,1
1,4,200,720,1
1,4,300,425,1
1,4,200,155,1
1,4,400,207,1
1,4,500,506,1
1,4,600,616,1
1,4,300,507,1
1,4,500,317,1
1,4,100,70,1
1,4,100,406,1
1,4,600,529,1
1,4,500,122,1
1,4,400,132,1
1,4,500,573,1
1,4,300,296,1
1,4,300,660,1
1,4,100,462,1
1,4,200,772,1
1,4,100,837,1
1,4,400,582,1
1,4,100,380,1
1,4,100,434,1
1,4,200,250,1
1,4,300,312,1
1,4,700,272,1
1,4,300,726,1
1,4,300,607,1
1,4,200,234,1
1,4,100,802,1
1,4,200,644,1
1,4,200,706,1
1,4,700,724,1
1,4,200,482,1
1,4,500,75,1
1,4,600,327,1
1,4,200,828,1
1,4,600,180,1
1,4,500,387,1
1,4,300,447,1
1,4,400,458,1
1,4,300,193,1
1,4,100,470,1
1,4,400,451,1
1,4,200,415,1
1,4,700,676,1
1,4,200,584,1
1,4,200,554,1
1,4,300,435,1
1,4,200,593,1
1,4,100,389,1
1,4,300,841,1
1,4,100,131,1
1,4,100,729,1
1,4,500,690,1
1,4,600,811,1
1,4,300,206,1
1,4,100,611,1
1,4,300,468,1
1,4,600,646,1
1,4,300,248,1
1,4,600,185,1
1,4,300,504,1
1,4,300,860,1
1,4,300,377,1
1,4,700,442,1
1,4,400,561,1
1,4,600,66,1
1,4,300,661,1
1,4,400,311,1
1,4,500,176,1
1,4,500,277,1
1,4,400,185,1
1,4,200,108,1
1,4,400,318,1
1,4,400,176,1
1,4,600,656,1
1,4,700,80,1
1,4,400,654,1
1,4,500,515,1
1,4,500,285,1
1,4,100,836,1
1,4,400,848,1
1,4,100,124,1
1,4,200,31,1
1,4,600,338,1
1,4,500,731,1
1,4,100,121,1
1,4,200,200,1
1,4,300,677,1
1,4,100,597,1
1,4,300,67,1
1,4,600,161,1
1,4,300,115,1
1,4,200,290,1
1,4,100,465,1
1,4,400,277,1
1,4,300,127,1
1,4,300,859,1
1,4,300,834,1
1,4,600,61,1
1,4,700,375,1
1,4,500,163,1
1,4,400,725,1
1,4,600,823,1
1,4,400,627,1
1,4,500,859,1
1,4,600,245,1
1,4,400,7,1
1,4,500,719,1
1,4,600,312,1
1,4,200,622,1
1,4,500,840,1
1,4,500,372,1
1,4,300,538,1
1,4,300,122,1
1,4,200,766,1
1,4,300,101,1
1,4,400,140,1
1,4,200,383,1
1,4,300,126,1
1,4,100,11,1
1,4,500,636,1
1,4,200,813,1
1,4,400,622,1
1,4,300,313,1
1,4,300,91,1
1,4,900,635,1
1,4,400,655,1
1,4,100,63,1
1,4,100,299,1
1,4,500,223,1
1,4,500,504,1
1,4,600,675,1
1,4,300,552,1
1,4,700,736,1
1,4,300,369,1
1,4,200,607,1
1,4,200,248,1
1,4,300,40,1
1,4,100,477,1
1,4,600,57,1
1,4,300,415,1
1,4,500,245,1
1,4,300,299,1
1,4,300,862,1
1,4,200,390,1
1,4,200,851,1
1,4,300,439,1
1,4,500,615,1
1,4,200,648,1
1,4,500,487,1
1,4,200,153,1
1,4,600,240,1
1,4,300,341,1
1,4,200,853,1
1,4,400,364,1
1,4,200,431,1
1,4,500,390,1
1,4,200,494,1
1,4,100,183,1
1,4,500,802,1
1,4,500,830,1
1,4,600,833,1
1,4,400,466,1
1,4,400,390,1
1,4,500,594,1
1,4,100,491,1
1,4,100,277,1
1,4,400,253,1
1,4,100,774,1
1,4,100,827,1
1,4,400,802,1
1,4,200,757,1
1,4,200,737,1
1,4,500,254,1
1,4,600,481,1
1,4,200,357,1
1,4,500,722,1
1,4,400,586,1
1,4,300,26,1
1,4,700,858,1
1,4,100,450,1
1,4,600,600,1
1,4,700,833,1
1,4,300,576,1
1,4,300,742,1
1,4,400,146,1
1,4,500,454,1
1,4,100,130,1
1,4,700,462,1
1,4,300,1,1
1,4,200,792,1
1,4,600,164,1
1,4,400,530,1
1,4,500,671,1
1,4,300,427,1
1,4,600,353,1
1,4,300,363,1
1,4,900,141,1
1,4,200,541,1
1,4,400,181,1
1,4,100,56,1
1,4,500,632,1
1,4,500,701,1
1,4,200,670,1
1,4,300,80,1
1,4,300,303,1
1,4,300,446,1
1,4,600,651,1
1,4,200,778,1
1,4,100,528,1
1,4,400,340,1
1,4,200,701,1
1,4,100,338,1
1,4,300,804,1
1,4,400,663,1
1,4,500,777,1
1,4,500,333,1
1,4,600,32,1
1,4,600,534,1
1,4,400,791,1
1,4,300,756,1
1,4,300,242,1
1,4,200,199,1
1,4,200,639,1
1,4,400,688,1
1,4,300,718,1
1,4,300,246,1
1,4,300,37,1
1,4,600,617,1
1,4,200,668,1
1,4,300,535,1
1,4,200,861,1
1,4,200,139,1
1,4,100,520,1
1,4,500,366,1
1,4,100,244,1
1,4,400,691,1
1,4,100,715,1
1,4,300,277,1
1,4,500,76,1
1,4,300,337,1
1,4,200,349,1
1,4,800,55,1
1,4,300,627,1
1,4,300,270,1
1,4,100,541,1
1,4,400,322,1
1,4,300,737,1
1,4,600,549,1
1,4,300,434,1
1,4,500,568,1
1,4,600,405,1
1,4,300,445,1
1,4,300,3,1
1,4,200,211,1
1,4,300,223,1
1,4,200,191,1
1,4,300,306,1
1,4,400,187,1
1,4,600,166,1
1,4,200,401,1
1,4,300,106,1
1,4,600,298,1
1,4,300,103,1
1,4,200,857,1
1,4,200,195,1
1,4,300,157,1
1,4,100,127,1
1,4,400,673,1
1,4,600,842,1
1,4,300,682,1
1,4,200,363,1
1,4,400,150,1
1,4,400,510,1
1,4,700,781,1
1,4,100,493,1
1,4,600,404,1
1,4,400,540,1
1,4,300,569,1
1,4,400,219,1
1,4,400,249,1
1,4,600,358,1
1,4,600,275,1
1,4,600,170,1
1,4,300,679,1
1,4,100,158,1
1,4,400,94,1
1,4,400,20,1
1,4,300,812,1
1,4,600,431,1
1,4,100,71,1
1,4,400,495,1
1,4,400,579,1
1,4,200,797,1
1,4,200,289,1
1,4,100,506,1
1,4,400,57,1
1,4,300,620,1
1,4,300,658,1
1,4,400,619,1
1,4,300,251,1
1,4,600,189,1
1,4,500,631,1
1,4,100,176,1
1,4,300,123,1
1,4,200,111,1
1,4,400,336,1
1,4,100,7,1
1,4,300,224,1
1,4,200,608,1
1,4,300,393,1
1,4,500,265,1
1,4,600,393,1
1,4,100,325,1
1,4,100,43,1
1,4,100,161,1
1,4,400,55,1
1,4,600,313,1
1,4,600,356,1
1,4,400,124,1
1,4,100,412,1
1,4,300,23,1
1,4,500,63,1
1,4,100,303,1
1,4,100,851,1
1,4,300,30,1
1,4,300,125,1
1,4,400,613,1
1,4,600,127,1
1,4,300,692,1
1,4,100,811,1
1,4,600,123,1
1,4,500,585,1
1,4,500,371,1
1,4,700,641,1
1,4,400,741,1
1,4,300,318,1
1,4,600,553,1
1,4,300,487,1
1,4,200,188,1
1,4,700,451,1
1,4,400,782,1
1,4,600,749,1
1,4,600,26,1
1,4,100,365,1
1,4,900,89,1
1,4,500,467,1
1,4,700,665,1
1,4,100,461,1
1,4,600,399,1
1,4,100,290,1
1,4,300,578,1
1,4,100,347,1
1,4,400,200,1
1,4,200,822,1
1,4,600,62,1
1,4,300,66,1
1,4,600,634,1
1,4,300,63,1
1,4,500,97,1
1,4,400,482,1
1,4,200,616,1
1,4,600,835,1
1,4,200,229,1
1,4,700,498,1
1,4,400,742,1
1,4,300,44,1
1,4,100,763,1
1,4,400,30,1
1,4,600,345,1
1,4,500,599,1
1,4,100,77,1
1,4,300,131,1
1,4,100,647,1
1,4,100,395,1
1,4,300,817,1
1,4,500,544,1
1,4,100,857,1
1,4,600,581,1
1,4,100,749,1
1,4,100,644,1
1,4,300,773,1
1,4,200,301,1
1,4,400,463,1
1,4,200,679,1
1,4,300,199,1
1,4,100,135,1
1,4,500,423,1
1,4,200,318,1
1,4,500,796,1
1,4,100,689,1
1,4,600,288,1
1,4,300,198,1
1,4,500,210,1
1,4,500,563,1
1,4,300,212,1
1,4,500,645,1
1,4,100,494,1
1,4,500,55,1
1,4,300,572,1
1,4,100,817,1
1,4,600,81,1
1,4,300,401,1
1,4,700,244,1
1,4,100,343,1
1,4,500,819,1
1,4,400,366,1
1,4,700,519,1
1,4,200,306,1
1,4,300,298,1
1,4,400,58,1
1,4,300,657,1
1,4,600,426,1
1,4,400,573,1
1,4,300,484,1
1,4,300,39,1
1,4,600,562,1
1,4,600,664,1
1,4,300,97,1
1,4,400,615,1
1,4,600,724,1
1,4,400,239,1
1,4,200,205,1
1,4,200,62,1
1,4,300,585,1
1,4,700,517,1
1,4,500,440,1
1,4,400,499,1
1,4,200,542,1
1,4,100,1,1
1,4,100,45,1
1,4,100,755,1
1,4,300,589,1
1,4,200,9,1
1,4,500,1,1
1,4,500,171,1
1,4,400,623,1
1,4,200,324,1
1,4,400,809,1
1,4,400,307,1
1,4,100,651,1
1,4,100,448,1
1,4,200,746,1
1,4,100,564,1
1,4,600,232,1
1,4,200,623,1
1,4,400,355,1
1,4,300,795,1
1,4,500,149,1
1,4,500,227,1
1,4,600,506,1
1,4,200,750,1
1,4,400,210,1
1,4,600,174,1
1,4,500,160,1
1,4,200,625,1
1,4,200,122,1
1,4,300,516,1
1,4,100,213,1
1,4,200,118,1
1,4,700,511,1
1,4,600,105,1
1,4,500,526,1
1,4,200,672,1
1,4,600,370,1
1,4,500,60,1
1,4,100,204,1
1,4,300,165,1
1,4,300,486,1
1,4,500,284,1
1,4,100,102,1
1,4,600,201,1
1,4,500,79,1
1,4,300,176,1
1,4,700,71,1
1,4,700,59,1
1,4,200,38,1
1,4,400,838,1
1,4,200,147,1
1,4,400,264,1
1,4,200,845,1
1,4,200,743,1
1,4,300,695,1
1,4,300,806,1
1,4,100,455,1
1,4,400,254,1
1,4,600,178,1
1,4,300,182,1
1,4,600,139,1
1,4,400,361,1
1,4,200,712,1
1,4,200,462,1
1,4,200,509,1
1,4,400,149,1
1,4,100,150,1
1,4,400,413,1
1,4,100,760,1
1,4,400,783,1
1,4,400,199,1
1,4,700,590,1
1,4,500,127,1
1,4,600,613,1
1,4,600,403,1
1,4,600,462,1
1,4,200,167,1
1,4,400,324,1
1,4,100,638,1
1,4,600,626,1
1,4,400,815,1
1,4,500,86,1
1,4,300,186,1
1,4,100,26,1
1,4,500,67,1
1,4,600,381,1
1,4,100,753,1
1,4,400,294,1
1,4,300,339,1
1,4,500,209,1
1,4,300,662,1
1,4,100,210,1
1,4,100,185,1
1,4,700,674,1
1,4,500,558,1
1,4,100,443,1
1,4,200,192,1
1,4,400,45,1
1,4,200,473,1
1,4,300,711,1
1,4,400,431,1
1,4,400,496,1
1,4,500,150,1
1,4,600,239,1
1,4,300,730,1
1,4,400,679,1
1,4,400,461,1
1,4,200,615,1
1,4,100,349,1
1,4,500,421,1
1,4,100,703,1
1,4,100,665,1
1,4,300,22,1
1,4,500,459,1
1,4,300,685,1
1,4,200,733,1
1,4,700,478,1
1,4,400,456,1
1,4,100,574,1
1,4,100,511,1
1,4,600,464,1
1,4,100,536,1
1,4,500,280,1
1,4,500,151,1
1,4,100,766,1
1,4,300,421,1
1,4,200,112,1
1,4,500,324,1
1,4,100,391,1
1,4,700,653,1
1,4,500,179,1
1,4,400,184,1
1,4,300,594,1
1,4,700,750,1
1,4,700,758,1
1,4,300,361,1
1,4,600,159,1
1,4,300,764,1
1,4,200,146,1
1,4,700,481,1
1,4,200,703,1
1,4,600,837,1
1,4,500,434,1
1,4,300,782,1
1,4,300,656,1
1,4,300,409,1
1,4,300,823,1
1,4,600,561,1
1,4,600,79,1
1,4,100,191,1
1,4,400,818,1
1,4,200,83,1
1,4,200,369,1
1,4,300,391,1
1,4,500,767,1
1,4,400,37,1
1,4,200,421,1
1,4,100,313,1
1,4,100,816,1
1,4,300,617,1
1,4,400,128,1
1,4,100,555,1
1,4,100,46,1
1,4,300,11,1
1,4,600,29,1
1,4,100,198,1
1,4,300,837,1
1,4,400,236,1
1,4,200,680,1
1,4,100,812,1
1,4,300,470,1
1,4,400,216,1
1,4,400,846,1
1,4,200,330,1
1,4,500,550,1
1,4,600,543,1
1,4,100,739,1
1,4,400,448,1
1,4,700,770,1
1,4,400,665,1
1,4,200,221,1
1,4,300,708,1
1,4,300,353,1
1,4,700,588,1
1,4,300,740,1
1,4,500,529,1
1,4,300,666,1
1,4,100,828,1
1,4,400,672,1
1,4,500,474,1
1,4,300,694,1
1,4,600,578,1
1,4,600,844,1
1,4,600,756,1
1,4,500,61,1
1,4,100,23,1
1,4,300,144,1
1,4,600,564,1
1,4,200,392,1
1,4,600,854,1
1,4,200,201,1
1,4,400,514,1
1,4,500,679,1
1,4,100,355,1
1,4,600,203,1
1,4,300,77,1
1,4,300,826,1
1,4,200,642,1
1,4,500,659,1
1,4,300,769,1
1,4,200,395,1
1,4,700,470,1
1,4,200,279,1
1,4,700,364,1
1,4,200,604,1
1,4,200,762,1
1,4,600,648,1
1,4,100,324,1
1,4,100,145,1
1,4,300,675,1
1,4,300,164,1
1,4,400,121,1
1,4,300,259,1
1,4,500,23,1
1,4,200,446,1
1,4,300,613,1
1,4,400,194,1
1,4,100,591,1
1,4,700,592,1
1,4,500,257,1
1,4,600,649,1
1,4,700,532,1
1,4,400,707,1
1,4,100,600,1
1,4,200,558,1
1,4,600,215,1
1,4,300,307,1
1,4,200,138,1
1,4,500,66,1
1,4,200,453,1
1,4,200,321,1
1,4,200,614,1
1,4,100,13,1
1,4,500,634,1
1,4,600,396,1
1,4,400,81,1
1,4,500,574,1
1,4,100,684,1
1,4,600,633,1
1,4,200,729,1
1,4,300,540,1
1,4,300,366,1
1,4,300,48,1
1,4,100,552,1
1,4,400,546,1
1,4,600,98,1
1,4,600,196,1
1,4,400,550,1
1,4,300,51,1
1,4,400,42,1
1,4,100,257,1
1,4,300,174,1
1,4,700,116,1
1,4,600,644,1
1,4,400,447,1
1,4,500,706,1
1,4,400,82,1
1,4,500,404,1
1,4,300,256,1
1,4,700,786,1
1,4,300,796,1
1,4,200,662,1
1,4,400,203,1
1,4,300,602,1
1,4,300,244,1
1,4,100,551,1
1,4,300,328,1
1,4,400,837,1
1,4,300,848,1
1,4,500,302,1
1,4,300,263,1
1,4,200,483,1
1,4,600,67,1
1,4,400,575,1
1,4,700,524,1
1,4,100,633,1
1,4,200,823,1
1,4,400,785,1
1,4,500,212,1
1,4,500,787,1
1,4,200,10,1
1,4,600,757,1
1,4,200,825,1
1,4,600,24,1
1,4,100,783,1
1,4,700,109,1
1,4,100,286,1
1,4,600,568,1
1,4,500,463,1
1,4,100,603,1
1,4,700,698,1
1,4,500,355,1
1,4,300,460,1
1,4,100,173,1
1,4,300,272,1
1,4,400,675,1
1,4,400,372,1
1,4,400,692,1
1,4,700,347,1
1,4,500,8,1
1,4,600,293,1
1,4,300,205,1
1,4,400,426,1
1,4,500,727,1
1,4,100,778,1
1,4,200,204,1
1,4,200,361,1
1,4,200,480,1
1,4,400,704,1
1,4,400,362,1
1,4,100,792,1
1,4,300,271,1
1,4,700,686,1
1,4,400,114,1
1,4,500,566,1
1,4,300,443,1
1,4,400,220,1
1,4,500,785,1
1,4,300,698,1
1,4,600,437,1
1,4,400,342,1
1,4,500,53,1
1,4,700,834,1
1,4,700,464,1
1,4,100,861,1
1,4,200,510,1
1,4,300,216,1
1,4,400,862,1
1,4,700,716,1
1,4,100,169,1
1,4,400,639,1
1,4,200,816,1
1,4,500,667,1
1,4,200,379,1
1,4,300,586,1
1,4,200,375,1
1,4,600,297,1
1,4,300,240,1
1,4,500,559,1
1,4,500,94,1
1,4,200,771,1
1,4,400,283,1
1,4,400,732,1
1,4,400,762,1
1,4,600,289,1
1,4,100,311,1
1,4,200,143,1
1,4,300,863,1
1,4,200,545,1
1,4,500,530,1
1,4,100,332,1
1,4,500,757,1
1,4,300,73,1
1,4,400,19,1
1,4,300,560,1
1,4,300,855,1
1,4,100,838,1
1,4,400,240,1
1,4,700,832,1
1,4,300,562,1
1,4,500,508,1
1,4,500,443,1
1,4,100,807,1
1,4,300,665,1
1,4,300,693,1
1,4,100,201,1
1,4,500,178,1
1,4,100,55,1
1,4,100,417,1
1,4,100,330,1
1,4,400,64,1
1,4,200,354,1
1,4,600,446,1
1,4,900,75,1
1,4,500,16,1
1,4,100,544,1
1,4,100,645,1
1,4,200,586,1
1,4,500,365,1
1,4,700,843,1
1,4,500,9,1
1,4,400,175,1
1,4,400,141,1
1,4,700,510,1
1,4,400,744,1
1,4,300,254,1
1,4,200,130,1
1,4,600,34,1
1,4,500,208,1
1,4,600,525,1
1,4,200,166,1
1,4,400,494,1
1,4,100,331,1
1,4,400,183,1
1,4,300,608,1
1,4,600,302,1
1,4,400,178,1
1,4,100,409,1
1,4,500,520,1
1,4,100,587,1
1,4,100,669,1
1,4,300,567,1
1,4,200,781,1
1,4,400,95,1
1,4,400,609,1
1,4,100,193,1
1,4,600,717,1
1,4,100,427,1
1,4,300,302,1
1,4,500,402,1
1,4,100,840,1
1,4,600,583,1
1,4,600,830,1
1,4,300,155,1
1,4,500,543,1
1,4,300,599,1
1,4,300,732,1
1,4,500,468,1
1,4,400,633,1
1,4,800,693,1
1,4,100,60,1
1,4,700,480,1
1,4,100,251,1
1,4,300,325,1
1,4,200,666,1
1,4,100,165,1
1,4,200,745,1
1,4,500,232,1
1,4,200,117,1
1,4,200,285,1
1,4,400,328,1
1,4,600,580,1
1,4,600,52,1
1,4,300,88,1
1,4,200,371,1
1,4,200,801,1
1,4,400,859,1
1,4,600,643,1
1,4,400,686,1
1,4,200,753,1
1,4,100,335,1
1,4,500,494,1
1,4,300,400,1
1,4,400,684,1
1,4,600,519,1
1,4,100,849,1
1,4,500,843,1
1,4,200,33,1
1,4,200,53,1
1,4,600,610,1
1,4,200,505,1
1,4,600,777,1
1,4,800,676,1
1,4,400,598,1
1,4,600,499,1
1,4,500,654,1
1,4,200,585,1
1,4,100,294,1
1,4,300,87,1
1,4,300,202,1
1,4,200,458,1
1,4,300,253,1
1,4,500,704,1
1,4,400,849,1
1,4,100,636,1
1,4,400,329,1
1,4,300,527,1
1,4,500,131,1
1,4,400,28,1
1,4,700,55,1
1,4,200,576,1
1,4,500,263,1
1,4,300,262,1
1,4,700,466,1
1,4,300,582,1
1,4,600,590,1
1,4,600,588,1
1,4,700,311,1
1,4,300,374,1
1,4,500,433,1
1,4,700,499,1
1,4,500,339,1
1,4,500,839,1
1,4,200,389,1
1,4,100,0,1
1,4,600,489,1
1,4,300,285,1
1,4,300,28,1
1,4,500,381,1
1,4,200,450,1
1,4,100,305,1
1,4,200,259,1
1,4,400,651,1
1,4,300,71,1
1,4,400,386,1
1,4,400,664,1
1,4,500,41,1
1,4,100,411,1
1,4,200,630,1
1,4,200,261,1
1,4,800,754,1
1,4,200,811,1
1,4,400,769,1
1,4,100,95,1
1,4,200,28,1
1,4,600,496,1
1,4,400,137,1
1,4,600,751,1
1,4,100,697,1
1,4,200,334,1
1,4,100,140,1
1,4,400,142,1
1,4,100,22,1
1,4,400,53,1
1,4,200,109,1
1,4,300,565,1
1,4,500,795,1
1,4,100,223,1
1,4,100,578,1
1,4,600,60,1
1,4,600,321,1
1,4,100,822,1
1,4,100,498,1
1,4,400,117,1
1,4,200,786,1
1,4,500,40,1
1,4,200,243,1
1,4,500,427,1
1,4,700,106,1
1,4,700,491,1
1,4,300,50,1
1,4,600,435,1
1,4,200,424,1
1,4,100,207,1
1,4,300,633,1
1,4,400,523,1
1,4,600,629,1
1,4,600,200,1
1,4,100,363,1
1,4,600,124,1
1,4,200,315,1
1,4,500,694,1
1,4,300,154,1
1,4,400,661,1
1,4,300,519,1
1,4,300,294,1
1,4,300,699,1
1,4,300,584,1
1,4,500,102,1
1,4,400,657,1
1,4,200,638,1
1,4,500,298,1
1,4,400,262,1
1,4,400,34,1
1,4,500,834,1
1,4,300,781,1
1,4,500,758,1
1,4,500,27,1
1,4,200,233,1
1,4,200,359,1
1,4,500,199,1
1,4,600,504,1
1,4,600,497,1
1,4,400,172,1
1,4,200,818,1
1,4,400,135,1
1,4,300,700,1
1,4,400,715,1
1,4,700,516,1
1,4,700,740,1
1,4,600,709,1
1,4,400,478,1
1,4,300,829,1
1,4,100,394,1
1,4,100,601,1
1,4,600,414,1
1,4,300,149,1
1,4,100,785,1
1,4,600,151,1
1,4,100,695,1
1,4,300,323,1
1,4,200,314,1
1,4,600,394,1
1,4,600,469,1
1,4,400,777,1
1,4,600,224,1
1,4,300,420,1
1,4,100,504,1
1,4,500,272,1
1,4,300,670,1
1,4,400,656,1
1,4,100,543,1
1,4,400,796,1
1,4,300,738,1
1,4,300,853,1
1,4,400,660,1
1,4,200,543,1
1,4,700,813,1
1,4,400,696,1
1,4,600,663,1
1,4,300,220,1
1,4,700,260,1
1,4,100,545,1
1,4,300,857,1
1,4,200,208,1
1,4,100,200,1
1,4,600,347,1
1,4,300,457,1
1,4,200,335,1
1,4,200,804,1
1,4,800,312,1
1,4,300,788,1
1,4,400,398,1
1,4,100,160,1
1,4,400,204,1
1,4,400,345,1
1,4,600,544,1
1,4,500,723,1
1,4,100,824,1
1,4,200,80,1
1,4,100,342,1
1,4,300,702,1
1,4,700,635,1
1,4,400,105,1
1,4,100,432,1
1,4,600,254,1
1,4,300,349,1
1,4,200,643,1
1,4,300,184,1
1,4,300,643,1
1,4,500,25,1
1,4,600,636,1
1,4,100,540,1
1,4,500,271,1
1,4,600,172,1
1,4,700,743,1
1,4,200,789,1
1,4,500,453,1
1,4,400,534,1
1,4,300,222,1
1,4,200,425,1
1,4,500,567,1
1,4,300,548,1
1,4,200,609,1
1,4,200,3,1
1,4,500,489,1
1,4,400,612,1
1,4,200,441,1
1,4,700,757,1
1,4,500,823,1
1,4,200,258,1
1,4,600,152,1
1,4,300,843,1
1,4,500,312,1
1,4,400,841,1
1,4,700,357,1
1,4,400,152,1
1,4,700,120,1
1,4,100,177,1
1,4,500,195,1
1,4,500,648,1
1,4,400,10,1
1,4,500,595,1
1,4,200,714,1
1,4,500,491,1
1,4,600,324,1
1,4,300,514,1
1,4,700,601,1
1,4,600,433,1
1,4,500,831,1
1,4,100,635,1
1,4,200,814,1
1,4,600,329,1
1,4,100,128,1
1,4,500,217,1
1,4,700,453,1
1,4,100,558,1
1,4,700,509,1
1,4,400,399,1
1,4,100,433,1
1,4,100,164,1
1,4,600,537,1
1,4,200,396,1
1,4,400,799,1
1,4,300,200,1
1,4,300,480,1
1,4,300,469,1
1,4,600,220,1
1,4,400,803,1
1,4,600,236,1
1,4,600,637,1
1,4,300,102,1
1,4,400,273,1
1,4,100,758,1
1,4,700,479,1
1,4,700,20,1
1,4,400,745,1
1,4,600,461,1
1,4,300,241,1
1,4,800,347,1
1,4,100,553,1
1,4,500,32,1
1,4,100,452,1
1,4,300,64,1
1,4,400,839,1
1,4,800,750,1
1,4,100,819,1
1,4,600,770,1
1,4,100,856,1
1,4,500,311,1
1,4,600,836,1
1,4,100,255,1
1,4,400,593,1
1,4,300,835,1
1,4,200,340,1
1,4,400,572,1
1,4,700,806,1
1,4,400,161,1
1,4,200,271,1
1,4,500,38,1
1,4,300,637,1
1,4,100,732,1
1,4,500,266,1
1,4,400,62,1
1,4,100,542,1
1,4,300,558,1
1,4,700,548,1
1,4,100,846,1
1,4,500,180,1
1,4,300,404,1
1,4,200,215,1
1,4,300,640,1
1,4,100,263,1
1,4,300,175,1
1,4,300,619,1
1,4,100,192,1
1,4,400,490,1
1,4,400,544,1
1,4,600,25,1
1,4,600,248,1
1,4,700,256,1
1,4,400,208,1
1,4,400,162,1
1,4,100,496,1
1,4,300,456,1
1,4,400,151,1
1,4,700,785,1
1,4,200,7,1
1,4,500,699,1
1,4,300,593,1
1,4,200,595,1
1,4,500,697,1
1,4,100,407,1
1,4,300,483,1
1,4,300,849,1
1,4,600,406,1
1,4,100,830,1
1,4,400,628,1
1,4,300,592,1
1,4,600,99,1
1,4,700,50,1
1,4,100,709,1
1,4,300,229,1
1,4,500,107,1
1,4,200,454,1
1,4,600,430,1
1,4,400,259,1
1,4,400,378,1
1,4,500,601,1
1,4,300,858,1
1,4,700,753,1
1,4,200,779,1
1,4,300,310,1
1,4,300,98,1
1,4,400,567,1
1,4,600,41,1
1,4,100,818,1
1,4,200,12,1
1,4,200,827,1
1,4,600,605,1
1,4,900,43,1
1,4,400,730,1
1,4,700,782,1
1,4,700,289,1
1,4,200,420,1
1,4,400,92,1
1,4,600,8,1
1,4,600,570,1
1,4,400,211,1
1,4,300,555,1
1,4,200,459,1
1,4,300,209,1
1,4,100,853,1
1,4,500,250,1
1,4,300,70,1
1,4,300,684,1
1,4,400,642,1
1,4,700,817,1
1,4,100,859,1
1,4,300,84,1
1,4,500,646,1
1,4,100,439,1
1,4,200,273,1
1,4,300,8,1
1,4,100,533,1
1,4,300,31,1
1,4,300,276,1
1,4,500,309,1
1,4,500,112,1
1,4,300,828,1
1,4,400,576,1
1,4,700,75,1
1,4,600,390,1
1,4,500,202,1
1,4,300,322,1
1,4,300,482,1
1,4,100,103,1
1,4,100,346,1
1,4,100,392,1
1,4,500,235,1
1,4,400,217,1
1,4,200,560,1
1,4,700,800,1
1,4,300,705,1
1,4,800,73,1
1,4,200,646,1
1,4,300,763,1
1,4,500,499,1
1,4,200,76,1
1,4,400,369,1
1,4,200,628,1
1,4,300,458,1
1,4,300,777,1
1,4,300,750,1
1,4,200,348,1
1,4,300,564,1
1,4,500,829,1
1,4,200,346,1
1,4,300,331,1
1,4,100,829,1
1,4,600,788,1
1,4,200,661,1
1,4,200,850,1
1,4,500,108,1
1,4,500,564,1
1,4,300,847,1
1,4,600,226,1
1,4,300,79,1
1,4,400,504,1
1,4,600,855,1
1,4,200,684,1
1,4,600,122,1
1,4,600,615,1
1,4,500,593,1
1,4,300,838,1
1,4,600,12,1
1,4,400,296,1
1,4,100,400,1
1,4,400,497,1
1,4,200,582,1
1,4,400,545,1
1,4,400,503,1
1,4,700,68,1
1,4,300,245,1
1,4,100,143,1
1,4,100,250,1
1,4,200,358,1
1,4,100,339,1
1,4,400,393,1
1,4,100,170,1
1,4,500,457,1
1,4,400,226,1
1,4,100,509,1
1,4,200,497,1
1,4,500,582,1
1,4,500,326,1
1,4,500,361,1
1,4,400,608,1
1,4,400,842,1
1,4,100,447,1
1,4,700,454,1
1,4,300,571,1
1,4,400,724,1
1,4,500,762,1
1,4,300,291,1
1,4,600,255,1
1,4,600,463,1
1,4,600,548,1
1,4,300,257,1
1,4,500,363,1
1,4,500,847,1
1,4,700,533,1
1,4,100,146,1
1,4,600,112,1
1,4,300,595,1
1,4,500,734,1
1,4,100,304,1
1,4,400,76,1
1,4,300,520,1
1,4,400,681,1
1,4,400,343,1
1,4,100,860,1
1,4,400,489,1
1,4,100,568,1
1,4,200,177,1
1,4,700,485,1
1,4,600,225,1
1,4,100,773,1
1,4,100,614,1
1,4,300,2,1
1,4,600,217,1
1,4,500,512,1
1,4,200,844,1
1,4,700,656,1
1,4,700,471,1
1,4,400,552,1
1,4,600,747,1
1,4,200,36,1
1,4,200,550,1
1,4,300,464,1
1,4,500,318,1
1,4,600,680,1
1,4,700,142,1
1,4,600,852,1
1,4,100,368,1
1,4,200,176,1
1,4,500,185,1
1,4,500,684,1
1,4,500,606,1
1,4,100,567,1
1,4,700,165,1
1,4,600,829,1
1,4,400,816,1
1,4,600,309,1
1,4,200,320,1
1,4,300,600,1
1,4,400,602,1
1,4,600,772,1
1,4,300,288,1
1,4,500,17,1
1,4,200,74,1
1,4,500,656,1
1,4,100,21,1
1,4,300,172,1
1,4,200,24,1
1,4,500,629,1
1,4,600,715,1
1,4,500,688,1
1,4,700,449,1
1,4,400,373,1
1,4,500,388,1
1,4,400,230,1
1,4,300,56,1
1,4,300,543,1
1,4,100,225,1
1,4,500,492,1
1,4,300,554,1
1,4,300,348,1
1,4,700,178,1
1,4,600,447,1
1,4,700,521,1
1,4,500,539,1
1,4,200,217,1
1,4,300,57,1
1,4,500,251,1
1,4,200,758,1
1,4,700,434,1
1,4,100,736,1
1,4,200,824,1
1,4,200,322,1
1,4,700,54,1
1,4,600,565,1
1,4,500,164,1
1,4,300,591,1
1,4,500,772,1
1,4,400,562,1
1,4,700,117,1
1,4,100,115,1
1,4,200,367,1
1,4,300,803,1
1,4,300,309,1
1,4,400,636,1
1,4,100,579,1
1,4,300,492,1
1,4,700,26,1
1,4,300,192,1
1,4,400,209,1
1,4,300,786,1
1,4,200,479,1
1,4,600,116,1
1,4,300,177,1
1,4,200,676,1
1,4,500,44,1
1,4,200,64,1
1,4,500,200,1
1,4,300,648,1
1,4,200,830,1
1,4,700,696,1
1,4,500,827,1
1,4,100,195,1
1,4,200,152,1
1,4,100,772,1
1,4,600,569,1
1,4,200,488,1
1,4,500,243,1
1,4,200,372,1
1,4,400,617,1
1,4,400,215,1
1,4,200,422,1
1,4,200,546,1
1,4,100,438,1
1,4,500,848,1
1,4,200,269,1
1,4,300,116,1
1,4,300,712,1
1,4,200,110,1
1,4,200,787,1
1,4,400,477,1
1,4,100,789,1
1,4,200,696,1
1,4,200,665,1
1,4,100,510,1
1,4,700,720,1
1,4,300,518,1
1,4,700,489,1
1,4,400,300,1
1,4,200,51,1
1,4,100,623,1
1,4,200,832,1
1,4,500,43,1
1,4,400,677,1
1,4,300,109,1
1,4,500,397,1
1,4,600,276,1
1,4,600,278,1
1,4,200,319,1
1,4,100,113,1
1,4,100,641,1
1,4,600,587,1
1,4,500,518,1
1,4,600,439,1
1,4,200,294,1
1,4,300,783,1
1,4,700,793,1
1,4,300,790,1
1,4,200,207,1
1,4,600,308,1
1,4,200,46,1
1,4,300,185,1
1,4,400,854,1
1,4,600,466,1
1,4,600,222,1
1,4,600,533,1
1,4,300,367,1
1,4,600,6,1
1,4,600,262,1
1,4,600,348,1
1,4,400,112,1
1,4,100,615,1
1,4,400,813,1
1,4,700,691,1
1,4,400,255,1
1,4,400,779,1
1,4,400,159,1
1,4,300,195,1
1,4,300,314,1
1,4,400,166,1
1,4,300,170,1
1,4,100,153,1
1,4,300,574,1
1,4,600,728,1
1,4,400,492,1
1,4,400,532,1
1,4,200,299,1
1,4,500,325,1
1,4,400,844,1
1,4,100,151,1
1,4,400,350,1
1,4,200,437,1
1,4,400,718,1
1,4,500,764,1
1,4,500,863,1
1,4,700,596,1
1,4,500,720,1
1,4,500,435,1
1,4,700,153,1
1,4,200,428,1
1,4,500,332,1
1,4,200,847,1
1,4,300,65,1
1,4,400,683,1
1,4,500,828,1
1,4,600,113,1
1,4,400,629,1
1,4,600,411,1
1,4,200,124,1
1,4,500,73,1
1,4,600,168,1
1,4,200,189,1
1,4,400,402,1
1,4,100,667,1
1,4,300,820,1
1,4,100,240,1
1,4,200,140,1
1,4,600,230,1
1,4,600,206,1
1,4,600,234,1
1,4,300,333,1
1,4,300,836,1
1,4,300,411,1
1,4,700,141,1
1,4,600,679,1
1,4,200,613,1
1,4,200,547,1
1,4,600,797,1
1,4,400,533,1
1,4,600,160,1
1,4,200,784,1
1,4,400,502,1
1,4,700,815,1
1,4,300,111,1
1,4,300,506,1
1,4,200,32,1
1,4,400,625,1
1,4,300,612,1
1,4,700,296,1
1,4,600,264,1
1,4,300,601,1
1,4,600,585,1
1,4,600,334,1
1,4,300,618,1
1,4,100,713,1
1,4,400,455,1
1,4,400,768,1
1,4,400,644,1
1,4,100,646,1
1,4,300,33,1
1,4,200,329,1
1,4,300,509,1
1,4,300,286,1
1,4,400,640,1
1,4,100,458,1
1,4,300,418,1
1,4,100,308,1
1,4,700,128,1
1,4,600,167,1
1,4,600,729,1
1,4,400,392,1
1,4,200,780,1
1,4,300,146,1
1,4,700,762,1
1,4,600,231,1
1,4,900,121,1
1,4,500,181,1
1,4,200,575,1
1,4,400,169,1
1,4,700,570,1
1,4,400,186,1
1,4,100,426,1
1,4,200,836,1
1,4,400,120,1
1,4,200,839,1
1,4,400,831,1
1,4,500,291,1
1,4,200,773,1
1,4,200,81,1
1,4,100,371,1
1,4,300,673,1
1,4,100,424,1
1,4,400,35,1
1,4,600,273,1
1,4,500,862,1
1,4,700,838,1
1,4,400,125,1
1,4,300,827,1
1,4,300,568,1
1,4,300,158,1
1,4,400,861,1
1,4,400,646,1
1,4,100,162,1
1,4,100,642,1
1,4,600,849,1
1,4,600,1,1
1,4,600,207,1
1,4,100,655,1
1,4,300,239,1
1,4,300,723,1
1,4,400,669,1
1,4,100,17,1
1,4,600,760,1
1,4,100,246,1
1,4,400,406,1
1,4,100,845,1
1,4,100,776,1
1,4,300,140,1
1,4,600,591,1
1,4,300,364,1
1,4,600,603,1
1,4,600,479,1
1,4,200,154,1
1,4,300,703,1
1,4,300,201,1
1,4,100,147,1
1,4,600,257,1
1,4,100,606,1
1,4,400,155,1
1,4,300,55,1
1,4,200,549,1
1,4,200,434,1
1,4,300,326,1
1,4,300,753,1
1,4,600,693,1
1,4,100,419,1
1,4,500,336,1
1,4,500,152,1
1,4,600,619,1
1,4,300,798,1
1,4,300,10,1
1,4,200,570,1
1,4,600,672,1
1,4,200,183,1
1,4,100,442,1
1,4,100,517,1
1,4,300,0,1
1,4,600,282,1
1,4,200,104,1
1,4,500,586,1
1,4,200,345,1
1,4,100,745,1
1,4,300,667,1
1,4,100,340,1
1,4,200,255,1
1,4,700,707,1
1,4,100,132,1
1,4,200,656,1
1,4,200,693,1
1,4,300,194,1
1,4,400,119,1
1,4,600,46,1
1,4,200,739,1
1,4,300,508,1
1,4,300,746,1
1,4,600,326,1
1,4,600,517,1
1,4,200,338,1
1,4,700,666,1
1,4,100,301,1
1,4,600,491,1
1,4,400,93,1
1,4,400,29,1
1,4,100,698,1
1,4,100,862,1
1,4,300,179,1
1,4,900,232,1
1,4,100,480,1
1,4,500,640,1
1,4,300,119,1
1,4,500,347,1
1,4,500,844,1
1,4,100,508,1
1,4,100,476,1
1,4,500,233,1
1,4,700,787,1
1,4,400,506,1
1,4,500,692,1
1,4,200,92,1
1,4,100,334,1
1,4,200,741,1
1,4,600,647,1
1,4,200,583,1
1,4,400,554,1
1,4,700,514,1
1,4,100,179,1
1,4,300,232,1
1,4,100,133,1
1,4,400,728,1
1,4,600,456,1
1,4,400,174,1
1,4,300,226,1
1,4,200,551,1
1,4,200,127,1
1,4,300,690,1
1,4,300,819,1
1,4,400,566,1
1,4,300,301,1
1,4,600,125,1
1,4,400,78,1
1,4,600,720,1
1,4,100,372,1
1,4,400,304,1
1,4,400,851,1
1,4,500,282,1
1,4,400,801,1
1,4,300,153,1
1,4,500,400,1
1,4,400,604,1
1,4,300,371,1
1,4,500,603,1
1,4,100,577,1
1,4,400,680,1
1,4,500,4,1
1,4,600,796,1
1,4,200,503,1
1,4,300,213,1
1,4,500,479,1
1,4,200,172,1
1,4,100,796,1
1,4,700,738,1
1,4,100,566,1
1,4,200,386,1
1,4,500,852,1
1,4,300,93,1
1,4,600,223,1
1,4,600,524,1
1,4,100,381,1
1,4,300,646,1
1,4,500,393,1
1,4,100,415,1
1,4,400,671,1
1,4,300,529,1
1,4,300,583,1
1,4,100,738,1
1,4,600,665,1
1,4,400,227,1
1,4,600,513,1
1,4,300,546,1
1,4,700,776,1
1,4,100,83,1
1,4,100,801,1
1,4,600,73,1
1,4,700,689,1
1,4,400,607,1
1,4,500,517,1
1,4,200,50,1
1,4,400,348,1
1,4,400,192,1
1,4,100,248,1
1,4,200,559,1
1,4,100,402,1
1,4,100,594,1
1,4,600,719,1
1,4,300,831,1
1,4,400,716,1
1,4,200,286,1
1,4,300,249,1
1,4,500,134,1
1,4,200,402,1
1,4,500,545,1
1,4,400,749,1
1,4,400,662,1
1,4,600,118,1
1,4,300,603,1
1,4,600,794,1
1,4,400,493,1
1,4,500,714,1
1,4,100,168,1
1,4,100,503,1
1,4,400,391,1
1,4,600,208,1
1,4,100,378,1
1,4,600,398,1
1,4,500,305,1
1,4,500,91,1
1,4,200,268,1
1,4,200,209,1
1,4,300,561,1
1,4,800,254,1
1,4,500,456,1
1,4,300,563,1
1,4,200,785,1
1,4,500,756,1
1,4,100,441,1
1,4,100,328,1
1,4,100,152,1
1,4,200,675,1
1,4,100,265,1
1,4,200,328,1
1,4,200,474,1
1,4,400,486,1
1,4,100,815,1
1,4,400,123,1
1,4,500,497,1
1,4,400,439,1
1,4,300,247,1
1,4,600,407,1
1,4,400,650,1
1,4,300,215,1
1,4,400,201,1
1,4,400,722,1
1,4,300,357,1
1,4,100,823,1
1,4,400,289,1
1,4,400,332,1
1,4,400,401,1
1,4,200,774,1
1,4,600,692,1
1,4,500,496,1
1,4,300,751,1
1,4,200,713,1
1,4,300,810,1
1,4,700,802,1
1,4,300,35,1
1,4,100,593,1
1,4,300,405,1
1,4,200,210,1
1,4,500,123,1
1,4,200,115,1
1,4,300,759,1
1,4,100,358,1
1,4,200,307,1
1,4,300,138,1
1,4,100,650,1
1,4,100,657,1
1,4,400,225,1
1,4,400,153,1
1,4,400,521,1
1,4,600,53,1
1,4,600,126,1
1,4,600,194,1
1,4,700,703,1
1,4,400,731,1
1,4,400,293,1
1,4,400,396,1
1,4,400,32,1
1,4,500,398,1
1,4,100,352,1
1,4,100,214,1
1,4,100,224,1
1,4,500,170,1
1,4,600,155,1
1,4,300,532,1
1,4,100,720,1
1,4,500,121,1
1,4,300,653,1
1,4,200,516,1
1,4,200,225,1
1,4,400,814,1
1,4,200,596,1
1,4,300,765,1
1,4,300,802,1
1,4,300,701,1
1,4,300,287,1
1,4,100,670,1
1,4,600,258,1
1,4,100,78,1
1,4,500,482,1
1,4,600,571,1
1,4,400,127,1
1,4,400,590,1
1,4,400,221,1
1,4,400,555,1
1,4,100,205,1
1,4,100,617,1
1,4,200,577,1
1,4,600,17,1
1,4,200,601,1
1,4,200,533,1
1,4,100,385,1
1,4,500,145,1
1,4,100,581,1
1,4,300,407,1
1,4,400,765,1
1,4,100,119,1
1,4,200,355,1
1,4,400,312,1
1,4,400,557,1
1,4,200,403,1
1,4,100,375,1
1,4,200,14,1
1,4,400,409,1
1,4,400,805,1
1,4,100,36,1
1,4,600,138,1
1,4,300,651,1
1,4,500,846,1
1,4,200,336,1
1,4,300,709,1
1,4,300,639,1
1,4,200,645,1
1,4,100,612,1
1,4,300,626,1
1,4,200,567,1
1,4,300,180,1
1,4,200,605,1
1,4,600,11,1
1,4,700,418,1
1,4,200,634,1
1,4,400,387,1
1,4,800,75,1
1,4,400,354,1
1,4,500,622,1
1,4,400,331,1
1,4,100,570,1
1,4,300,721,1
1,4,400,367,1
1,4,100,497,1
1,4,600,832,1
1,4,100,679,1
1,4,400,764,1
1,4,500,575,1
1,4,400,491,1
1,4,400,154,1
1,4,700,751,1
1,4,100,197,1
1,4,600,281,1
1,4,600,454,1
1,4,300,448,1
1,4,500,168,1
1,4,300,716,1
1,4,300,160,1
1,4,700,709,1
1,4,700,539,1
1,4,100,278,1
1,4,300,130,1
1,4,400,631,1
1,4,200,632,1
1,4,100,80,1
1,4,300,789,1
1,4,400,565,1
1,4,100,747,1
1,4,600,793,1
1,4,200,194,1
1,4,100,826,1
1,4,600,212,1
1,4,300,784,1
1,4,500,672,1
1,4,100,717,1
1,4,300,808,1
1,4,400,417,1
1,4,400,257,1
1,4,200,763,1
1,4,800,561,1
1,4,600,182,1
1,4,300,375,1
1,4,300,379,1
1,4,300,747,1
1,4,200,304,1
1,4,200,309,1
1,4,600,361,1
1,4,100,269,1
1,4,600,82,1
1,4,700,57,1
1,4,300,689,1
1,4,600,599,1
1,4,100,373,1
1,4,200,624,1
1,4,900,104,1
1,4,400,658,1
1,4,300,148,1
1,4,600,85,1
1,4,500,80,1
1,4,300,305,1
1,4,300,609,1
1,4,600,4,1
1,4,300,293,1
1,4,300,547,1
1,4,300,749,1
1,4,600,685,1
1,4,200,16,1
1,4,600,45,1
1,4,100,804,1
1,4,500,132,1
1,4,100,367,1
1,4,400,106,1
1,4,300,72,1
1,4,100,397,1
1,4,300,649,1
1,4,400,527,1
1,4,600,58,1
1,4,600,218,1
1,4,600,450,1
1,4,900,693,1
1,4,600,539,1
1,4,200,30,1
1,4,200,305,1
1,4,100,609,1
1,4,400,101,1
1,4,600,773,1
1,4,300,181,1
1,4,300,488,1
1,4,100,383,1
1,4,400,445,1
1,4,400,244,1
1,4,400,164,1
1,4,200,350,1
1,4,600,23,1
1,4,300,647,1
1,4,100,626,1
1,4,100,682,1
1,4,300,373,1
1,4,700,47,1
1,4,400,170,1
1,4,100,621,1
1,4,400,188,1
1,4,600,76,1
1,4,400,543,1
1,4,600,661,1
1,4,200,168,1
1,4,400,472,1
1,4,500,577,1
1,4,700,659,1
1,4,200,70,1
1,4,100,199,1
1,4,200,222,1
1,4,500,328,1
1,4,900,192,0
1,4,900,823,0
1,4,900,310,0
1,4,200,151,0
1,4,700,582,0
1,4,200,291,0
1,4,200,296,0
1,4,600,511,0
1,4,800,262,0
1,4,400,380,0
1,4,900,363,0
1,4,200,54,0
1,4,700,267,0
1,4,900,794,0
1,4,800,435,0
1,4,100,764,0
1,4,800,68,0
1,4,100,525,0
1,4,500,669,0
1,4,900,0,0
1,4,300,92,0
1,4,900,521,0
1,4,400,621,0
1,4,900,597,0
1,4,500,270,0
1,4,800,286,0
1,4,900,678,0
1,4,400,11,0
1,4,800,604,0
1,4,200,385,0
1,4,800,796,0
1,4,800,467,0
1,4,800,49,0
1,4,100,728,0
1,4,800,274,0
1,4,800,789,0
1,4,100,718,0
1,4,100,656,0
1,4,900,219,0
1,4,200,600,0
1,4,200,187,0
1,4,900,519,0
1,4,800,239,0
1,4,400,853,0
1,4,900,682,0
1,4,800,818,0
1,4,100,87,0
1,4,300,380,0
1,4,700,634,0
1,4,600,351,0
1,4,900,32,0
1,4,900,187,0
1,4,800,404,0
1,4,400,739,0
1,4,500,770,0
1,4,500,322,0
1,4,800,547,0
1,4,800,192,0
1,4,900,349,0
1,4,600,758,0
1,4,600,666,0
1,4,700,545,0
1,4,700,486,0
1,4,700,24,0
1,4,900,576,0
1,4,800,474,0
1,4,500,651,0
1,4,700,310,0
1,4,900,165,0
1,4,200,37,0
1,4,900,173,0
1,4,600,325,0
1,4,800,51,0
1,4,800,236,0
1,4,700,179,0
1,4,900,701,0
1,4,400,687,0
1,4,900,259,0
1,4,600,100,0
1,4,800,531,0
1,4,800,339,0
1,4,700,547,0
1,4,300,390,0
1,4,200,524,0
1,4,200,692,0
1,4,900,403,0
1,4,700,587,0
1,4,200,734,0
1,4,600,676,0
1,4,700,734,0
1,4,600,733,0
1,4,900,624,0
1,4,400,845,0
1,4,600,742,0
1,4,200,487,0
1,4,800,664,0
1,4,700,828,0
1,4,700,102,0
1,4,900,787,0
1,4,800,330,0
1,4,800,340,0
1,4,200,253,0
1,4,900,434,0
1,4,600,532,0
1,4,700,331,0
1,4,500,524,0
1,4,400,574,0
1,4,900,185,0
1,4,700,321,0
1,4,900,54,0
1,4,800,600,0
1,4,500,330,0
1,4,700,438,0
1,4,600,145,0
1,4,200,184,0
1,4,600,800,0
1,4,800,173,0
1,4,700,614,0
1,4,700,444,0
1,4,800,595,0
1,4,800,802,0
1,4,900,617,0
1,4,900,174,0
1,4,200,711,0
1,4,800,778,0
1,4,800,417,0
1,4,800,756,0
1,4,800,649,0
1,4,500,87,0
1,4,100,209,0
1,4,800,421,0
1,4,600,374,0
1,4,900,480,0
1,4,100,3,0
1,4,900,843,0
1,4,200,837,0
1,4,500,432,0
1,4,800,514,0
1,4,500,133,0
1,4,900,493,0
1,4,700,305,0
1,4,900,780,0
1,4,200,721,0
1,4,600,146,0
1,4,500,700,0
1,4,800,550,0
1,4,200,327,0
1,4,500,286,0
1,4,200,806,0
1,4,900,411,0
1,4,800,248,0
1,4,200,95,0
1,4,500,141,0
1,4,600,428,0
1,4,900,264,0
1,4,800,720,0
1,4,900,520,0
1,4,800,691,0
1,4,900,769,0
1,4,200,203,0
1,4,600,495,0
1,4,200,52,0
1,4,800,504,0
1,4,100,314,0
1,4,500,384,0
1,4,900,122,0
1,4,900,164,0
1,4,700,428,0
1,4,700,426,0
1,4,200,377,0
1,4,200,249,0
1,4,900,321,0
1,4,100,848,0
1,4,200,767,0
1,4,800,581,0
1,4,900,98,0
1,4,900,627,0
1,4,400,48,0
1,4,200,499,0
1,4,800,7,0
1,4,800,449,0
1,4,700,589,0
1,4,700,687,0
1,4,800,37,0
1,4,600,699,0
1,4,500,396,0
1,4,800,101,0
1,4,900,477,0
1,4,200,427,0
1,4,900,445,0
1,4,800,782,0
1,4,700,704,0
1,4,900,737,0
1,4,700,214,0
1,4,500,609,0
1,4,500,386,0
1,4,100,557,0
1,4,900,245,0
1,4,500,70,0
1,4,900,607,0
1,4,700,766,0
1,4,900,163,0
1,4,800,470,0
1,4,700,445,0
1,4,900,378,0
1,4,900,357,0
1,4,200,810,0
1,4,500,344,0
1,4,700,573,0
1,4,900,762,0
1,4,700,119,0
1,4,400,453,0
1,4,600,372,0
1,4,500,117,0
1,4,500,441,0
1,4,100,37,0
1,4,900,382,0
1,4,700,382,0
1,4,700,705,0
1,4,800,389,0
1,4,600,451,0
1,4,900,541,0
1,4,100,649,0
1,4,500,797,0
1,4,500,154,0
1,4,200,493,0
1,4,100,674,0
1,4,300,117,0
1,4,700,495,0
1,4,900,622,0
1,4,900,400,0
1,4,200,316,0
1,4,700,403,0
1,4,700,796,0
1,4,500,464,0
1,4,700,527,0
1,4,700,112,0
1,4,700,821,0
1,4,500,639,0
1,4,500,95,0
1,4,100,487,0
1,4,700,275,0
1,4,500,774,0
1,4,900,36,0
1,4,900,618,0
1,4,900,556,0
1,4,600,850,0
1,4,900,662,0
1,4,700,227,0
1,4,800,499,0
1,4,700,40,0
1,4,800,410,0
1,4,900,809,0
1,4,500,385,0
1,4,800,19,0
1,4,800,712,0
1,4,800,113,0
1,4,900,732,0
1,4,200,443,0
1,4,800,730,0
1,4,800,457,0
1,4,800,159,0
1,4,800,304,0
1,4,800,620,0
1,4,400,419,0
1,4,100,746,0
1,4,500,111,0
1,4,900,376,0
1,4,700,647,0
1,4,800,197,0
1,4,900,364,0
1,4,500,806,0
1,4,900,35,0
1,4,500,205,0
1,4,800,251,0
1,4,700,719,0
1,4,900,197,0
1,4,500,728,0
1,4,100,267,0
1,4,800,511,0
1,4,900,680,0
1,4,900,450,0
1,4,800,90,0
1,4,100,420,0
1,4,800,626,0
1,4,600,337,0
1,4,700,326,0
1,4,900,761,0
1,4,100,547,0
1,4,700,94,0
1,4,100,85,0
1,4,200,849,0
1,4,800,319,0
1,4,800,654,0
1,4,500,290,0
1,4,100,354,0
1,4,800,420,0
1,4,900,815,0
1,4,700,780,0
1,4,700,760,0
1,4,900,37,0
1,4,800,642,0
1,4,900,210,0
1,4,900,571,0
1,4,800,440,0
1,4,400,298,0
1,4,800,788,0
1,4,800,382,0
1,4,800,602,0
1,4,300,513,0
1,4,800,290,0
1,4,300,178,0
1,4,100,843,0
1,4,600,233,0
1,4,400,297,0
1,4,700,122,0
1,4,800,241,0
1,4,600,695,0
1,4,900,408,0
1,4,800,136,0
1,4,900,97,0
1,4,800,297,0
1,4,600,379,0
1,4,700,181,0
1,4,200,98,0
1,4,900,426,0
1,4,700,303,0
1,4,800,670,0
1,4,600,620,0
1,4,100,788,0
1,4,900,827,0
1,4,600,746,0
1,4,600,848,0
1,4,200,530,0
1,4,900,135,0
1,4,600,246,0
1,4,100,607,0
1,4,700,81,0
1,4,100,813,0
1,4,900,412,0
1,4,600,556,0
1,4,800,592,0
1,4,400,714,0
1,4,900,650,0
1,4,800,354,0
1,4,900,626,0
1,4,900,449,0
1,4,900,394,0
1,4,200,525,0
1,4,900,88,0
1,4,900,836,0
1,4,800,444,0
1,4,600,86,0
1,4,600,0,0
1,4,600,148,0
1,4,600,824,0
1,4,100,272,0
1,4,200,841,0
1,4,600,436,0
1,4,600,39,0
1,4,600,820,0
1,4,700,822,0
1,4,900,153,0
1,4,700,597,0
1,4,700,610,0
1,4,300,315,0
1,4,400,261,0
1,4,100,454,0
1,4,800,243,0
1,4,400,432,0
1,4,800,573,0
1,4,800,353,0
1,4,900,568,0
1,4,700,328,0
1,4,700,512,0
1,4,800,466,0
1,4,200,311,0
1,4,100,582,0
1,4,800,226,0
1,4,600,30,0
1,4,900,558,0
1,4,800,505,0
1,4,600,412,0
1,4,800,696,0
1,4,500,262,0
1,4,500,665,0
1,4,800,384,0
1,4,900,149,0
1,4,600,360,0
1,4,600,134,0
1,4,600,286,0
1,4,900,327,0
1,4,900,461,0
1,4,900,297,0
1,4,900,157,0
1,4,800,521,0
1,4,600,77,0
1,4,500,359,0
1,4,800,448,0
1,4,500,703,0
1,4,500,59,0
1,4,700,176,0
1,4,300,343,0
1,4,600,209,0
1,4,400,539,0
1,4,700,542,0
1,4,900,759,0
1,4,100,481,0
1,4,500,733,0
1,4,200,564,0
1,4,900,513,0
1,4,900,126,0
1,4,100,20,0
1,4,200,528,0
1,4,700,228,0
1,4,700,52,0
1,4,900,269,0
1,4,300,760,0
1,4,500,68,0
1,4,600,102,0
1,4,700,463,0
1,4,600,362,0
1,4,900,801,0
1,4,500,528,0
1,4,500,116,0
1,4,300,304,0
1,4,500,630,0
1,4,900,18,0
1,4,800,86,0
1,4,700,188,0
1,4,800,140,0
1,4,800,194,0
1,4,800,685,0
1,4,200,534,0
1,4,900,549,0
1,4,500,759,0
1,4,800,817,0
1,4,700,840,0
1,4,500,378,0
1,4,200,491,0
1,4,500,34,0
1,4,400,358,0
1,4,800,606,0
1,4,900,379,0
1,4,700,535,0
1,4,800,774,0
1,4,900,309,0
1,4,900,415,0
1,4,800,215,0
1,4,500,343,0
1,4,800,212,0
1,4,900,763,0
1,4,500,811,0
1,4,900,118,0
1,4,800,855,0
1,4,900,466,0
1,4,500,571,0
1,4,500,139,0
1,4,200,283,0
1,4,500,683,0
1,4,700,333,0
1,4,900,491,0
1,4,900,456,0
1,4,800,612,0
1,4,900,416,0
1,4,500,241,0
1,4,800,63,0
1,4,200,698,0
1,4,100,515,0
1,4,400,265,0
1,4,900,313,0
1,4,700,294,0
1,4,700,203,0
1,4,400,75,0
1,4,500,576,0
1,4,900,322,0
1,4,700,820,0
1,4,600,410,0
1,4,900,584,0
1,4,100,608,0
1,4,400,327,0
1,4,500,264,0
1,4,600,141,0
1,4,300,265,0
1,4,900,813,0
1,4,800,532,0
1,4,700,193,0
1,4,600,20,0
1,4,500,69,0
1,4,900,256,0
1,4,300,108,0
1,4,900,522,0
1,4,700,595,0
1,4,500,315,0
1,4,800,689,0
1,4,500,561,0
1,4,900,792,0
1,4,200,484,0
1,4,800,298,0
1,4,600,68,0
1,4,700,251,0
1,4,300,729,0
1,4,900,586,0
1,4,400,760,0
1,4,800,442,0
1,4,100,10,0
1,4,800,851,0
1,4,800,416,0
1,4,900,293,0
1,4,900,46,0
1,4,800,665,0
1,4,600,442,0
1,4,600,645,0
1,4,500,350,0
1,4,400,776,0
1,4,900,683,0
1,4,700,408,0
1,4,800,639,0
1,4,900,263,0
1,4,900,687,0
1,4,900,385,0
1,4,600,88,0
1,4,800,352,0
1,4,700,16,0
1,4,200,678,0
1,4,500,382,0
1,4,800,359,0
1,4,800,805,0
1,4,500,220,0
1,4,900,59,0
1,4,700,569,0
1,4,700,215,0
1,4,600,779,0
1,4,400,302,0
1,4,900,4,0
1,4,800,641,0
1,4,100,489,0
1,4,900,473,0
1,4,700,807,0
1,4,700,216,0
1,4,700,457,0
1,4,600,700,0
1,4,800,232,0
1,4,900,79,0
1,4,700,604,0
1,4,800,777,0
1,4,200,263,0
1,4,900,471,0
1,4,300,463,0
1,4,700,579,0
1,4,900,496,0
1,4,200,193,0
1,4,700,581,0
1,4,800,167,0
1,4,200,323,0
1,4,600,441,0
1,4,800,2,0
1,4,200,507,0
1,4,600,494,0
1,4,800,827,0
1,4,900,63,0
1,4,200,481,0
1,4,600,355,0
1,4,900,528,0
1,4,500,818,0
1,4,700,13,0
1,4,400,72,0
1,4,800,198,0
1,4,400,4,0
1,4,800,687,0
1,4,800,862,0
1,4,900,21,0
1,4,600,515,0
1,4,800,11,0
1,4,800,398,0
1,4,900,458,0
1,4,700,340,0
1,4,100,423,0
1,4,800,349,0
1,4,900,381,0
1,4,800,66,0
1,4,800,445,0
1,4,100,166,0
1,4,200,4,0
1,4,800,432,0
1,4,800,411,0
1,4,800,231,0
1,4,200,835,0
1,4,800,332,0
1,4,700,611,0
1,4,600,177,0
1,4,800,790,0
1,4,700,298,0
1,4,400,325,0
1,4,100,627,0
1,4,600,165,0
1,4,300,654,0
1,4,100,67,0
1,4,900,204,0
1,4,800,488,0
1,4,700,616,0
1,4,700,534,0
1,4,400,26,0
1,4,800,165,0
1,4,900,788,0
1,4,100,671,0
1,4,100,523,0
1,4,500,90,0
1,4,800,302,0
1,4,600,74,0
1,4,900,630,0
1,4,500,308,0
1,4,800,202,0
1,4,100,798,0
1,4,900,250,0
1,4,500,331,0
1,4,700,756,0
1,4,100,507,0
1,4,300,159,0
1,4,500,218,0
1,4,800,806,0
1,4,400,483,0
1,4,500,452,0
1,4,900,159,0
1,4,900,70,0
1,4,500,162,0
1,4,600,575,0
1,4,100,714,0
1,4,500,118,0
1,4,700,113,0
1,4,200,99,0
1,4,600,674,0
1,4,600,775,0
1,4,100,639,0
1,4,800,317,0
1,4,900,355,0
1,4,600,816,0
1,4,600,290,0
1,4,900,222,0
1,4,200,56,0
1,4,500,579,0
1,4,900,30,0
1,4,800,771,0
1,4,800,840,0
1,4,900,841,0
1,4,500,31,0
1,4,800,533,0
1,4,500,627,0
1,4,700,798,0
1,4,100,4,0
1,4,300,438,0
1,4,700,160,0
1,4,900,643,0
1,4,700,749,0
1,4,500,514,0
1,4,800,250,0
1,4,900,510,0
1,4,800,578,0
1,4,900,790,0
1,4,800,26,0
1,4,400,603,0
1,4,700,171,0
1,4,200,690,0
1,4,500,638,0
1,4,900,128,0
1,4,900,455,0
1,4,800,425,0
1,4,900,842,0
1,4,300,147,0
1,4,200,658,0
1,4,900,659,0
1,4,800,517,0
1,4,900,861,0
1,4,300,426,0
1,4,800,668,0
1,4,300,454,0
1,4,700,276,0
1,4,600,417,0
1,4,700,69,0
1,4,700,155,0
1,4,400,498,0
1,4,500,39,0
1,4,800,593,0
1,4,400,130,0
1,4,800,860,0
1,4,600,763,0
1,4,700,622,0
1,4,900,669,0
1,4,800,574,0
1,4,900,166,0
1,4,800,481,0
1,4,500,605,0
1,4,700,526,0
1,4,900,373,0
1,4,600,369,0
1,4,400,694,0
1,4,900,283,0
1,4,400,536,0
1,4,600,186,0
1,4,900,145,0
1,4,700,277,0
1,4,700,27,0
1,4,600,43,0
1,4,200,768,0
1,4,500,824,0
1,4,700,799,0
1,4,900,131,0
1,4,700,727,0
1,4,700,848,0
1,4,900,368,0
1,4,800,489,0
1,4,800,225,0
1,4,200,838,0
1,4,900,860,0
1,4,800,684,0
1,4,300,757,0
1,4,700,729,0
1,4,700,748,0
1,4,600,272,0
1,4,800,402,0
1,4,900,652,0
1,4,500,555,0
1,4,900,80,0
1,4,900,73,0
1,4,800,783,0
1,4,100,595,0
1,4,300,430,0
1,4,500,782,0
1,4,700,378,0
1,4,500,72,0
1,4,700,513,0
1,4,900,766,0
1,4,700,53,0
1,4,500,805,0
1,4,500,420,0
1,4,200,105,0
1,4,900,33,0
1,4,100,28,0
1,4,500,352,0
1,4,500,536,0
1,4,900,45,0
1,4,900,751,0
1,4,700,114,0
1,4,200,508,0
1,4,800,542,0
1,4,700,662,0
1,4,900,728,0
1,4,700,341,0
1,4,800,678,0
1,4,500,790,0
1,4,100,300,0
1,4,700,493,0
1,4,100,522,0
1,4,800,201,0
1,4,800,310,0
1,4,100,384,0
1,4,900,726,0
1,4,900,431,0
1,4,600,743,0
1,4,200,521,0
1,4,800,92,0
1,4,600,18,0
1,4,900,454,0
1,4,700,819,0
1,4,500,146,0
1,4,500,334,0
1,4,800,356,0
1,4,600,424,0
1,4,100,526,0
1,4,700,306,0
1,4,700,391,0
1,4,800,761,0
1,4,800,182,0
1,4,800,719,0
1,4,400,22,0
1,4,900,261,0
1,4,800,671,0
1,4,900,638,0
1,4,800,272,0
1,4,900,441,0
1,4,100,513,0
1,4,900,172,0
1,4,900,221,0
1,4,900,840,0
1,4,300,27,0
1,4,200,552,0
1,4,900,681,0
1,4,700,502,0
1,4,400,605,0
1,4,800,484,0
1,4,900,799,0
1,4,300,345,0
1,4,600,522,0
1,4,800,109,0
1,4,800,367,0
1,4,800,276,0
1,4,400,18,0
1,4,900,237,0
1,4,800,110,0
1,4,900,170,0
1,4,800,152,0
1,4,600,335,0
1,4,800,57,0
1,4,200,627,0
1,4,400,710,0
1,4,100,560,0
1,4,900,47,0
1,4,800,403,0
1,4,900,257,0
1,4,600,782,0
1,4,800,623,0
1,4,200,97,0
1,4,700,422,0
1,4,800,58,0
1,4,600,16,0
1,4,800,376,0
1,4,900,854,0
1,4,100,245,0
1,4,500,815,0
1,4,100,821,0
1,4,700,348,0
1,4,700,394,0
1,4,700,448,0
1,4,900,720,0
1,4,200,859,0
1,4,400,666,0
1,4,200,242,0
1,4,600,710,0
1,4,700,436,0
1,4,900,714,0
1,4,800,594,0
1,4,900,619,0
1,4,900,391,0
1,4,400,218,0
1,4,600,701,0
1,4,500,589,0
1,4,900,546,0
1,4,600,235,0
1,4,500,294,0
1,4,600,80,0
1,4,500,663,0
1,4,700,230,0
1,4,800,172,0
1,4,200,799,0
1,4,700,196,0
1,4,500,721,0
1,4,800,583,0
1,4,500,657,0
1,4,800,334,0
1,4,100,680,0
1,4,800,643,0
1,4,500,813,0
1,4,400,717,0
1,4,400,723,0
1,4,500,825,0
1,4,200,241,0
1,4,600,668,0
1,4,800,196,0
1,4,700,222,0
1,4,700,148,0
1,4,700,15,0
1,4,100,723,0
1,4,600,528,0
1,4,800,801,0
1,4,500,412,0
1,4,300,324,0
1,4,700,126,0
1,4,700,8,0
1,4,700,318,0
1,4,700,594,0
1,4,600,274,0
1,4,700,412,0
1,4,600,741,0
1,4,500,51,0
1,4,500,100,0
1,4,900,334,0
1,4,800,480,0
1,4,800,478,0
1,4,100,194,0
1,4,300,842,0
1,4,900,240,0
1,4,700,537,0
1,4,900,773,0
1,4,900,213,0
1,4,800,625,0
1,4,800,377,0
1,4,900,156,0
1,4,800,582,0
1,4,900,129,0
1,4,900,132,0
1,4,900,660,0
1,4,700,402,0
1,4,900,110,0
1,4,500,221,0
1,4,700,847,0
1,4,900,548,0
1,4,900,147,0
1,4,600,845,0
1,4,500,259,0
1,4,900,501,0
1,4,900,318,0
1,4,900,753,0
1,4,900,475,0
1,4,100,524,0
1,4,600,378,0
1,4,400,385,0
1,4,100,451,0
1,4,800,246,0
1,4,600,304,0
1,4,200,539,0
1,4,600,315,0
1,4,900,125,0
1,4,900,767,0
1,4,900,825,0
1,4,600,490,0
1,4,500,748,0
1,4,700,66,0
1,4,700,5,0
1,4,700,136,0
1,4,400,551,0
1,4,900,515,0
1,4,700,383,0
1,4,900,657,0
1,4,900,517,0
1,4,800,812,0
1,4,100,726,0
1,4,300,396,0
1,4,500,356,0
1,4,800,566,0
1,4,800,24,0
1,4,900,144,0
1,4,900,336,0
1,4,800,469,0
1,4,100,463,0
1,4,100,91,0
1,4,800,177,0
1,4,300,95,0
1,4,900,401,0
1,4,200,831,0
1,4,900,559,0
1,4,800,830,0
1,4,400,505,0
1,4,500,158,0
1,4,800,380,0
1,4,200,731,0
1,4,700,694,0
1,4,900,649,0
1,4,800,346,0
1,4,800,619,0
1,4,600,609,0
1,4,900,534,0
1,4,400,563,0
1,4,600,467,0
1,4,700,842,0
1,4,400,63,0
1,4,900,258,0
1,4,800,31,0
1,4,100,863,0
1,4,600,283,0
1,4,500,234,0
1,4,800,357,0
1,4,600,129,0
1,4,600,367,0
1,4,900,752,0
1,4,100,429,0
1,4,800,76,0
1,4,300,598,0
1,4,500,611,0
1,4,500,470,0
1,4,900,654,0
1,4,900,702,0
1,4,800,233,0
1,4,700,663,0
1,4,300,231,0
1,4,600,459,0
1,4,500,93,0
1,4,100,275,0
1,4,700,483,0
1,4,500,476,0
1,4,800,409,0
1,4,100,693,0
1,4,600,799,0
1,4,700,461,0
1,4,500,763,0
1,4,500,707,0
1,4,600,117,0
1,4,800,525,0
1,4,700,562,0
1,4,900,616,0
1,4,700,154,0
1,4,600,597,0
1,4,200,55,0
1,4,900,398,0
1,4,100,490,0
1,4,900,596,0
1,4,800,562,0
1,4,900,228,0
1,4,900,690,0
1,4,800,10,0
1,4,900,66,0
1,4,800,362,0
1,4,500,405,0
1,4,800,34,0
1,4,600,640,0
1,4,700,329,0
1,4,100,54,0
1,4,200,186,0
1,4,300,53,0
1,4,900,837,0
1,4,800,207,0
1,4,500,450,0
1,4,400,335,0
1,4,600,303,0
1,4,100,247,0
1,4,400,518,0
1,4,800,628,0
1,4,800,572,0
1,4,200,852,0
1,4,900,12,0
1,4,600,542,0
1,4,700,625,0
1,4,700,619,0
1,4,700,367,0
1,4,900,535,0
1,4,600,92,0
1,4,700,246,0
1,4,900,10,0
1,4,900,34,0
1,4,900,17,0
1,4,800,713,0
1,4,800,476,0
1,4,700,245,0
1,4,700,110,0
1,4,900,479,0
1,4,800,350,0
1,4,100,297,0
1,4,200,444,0
1,4,400,109,0
1,4,700,407,0
1,4,700,38,0
1,4,900,56,0
1,4,700,166,0
1,4,700,242,0
1,4,800,667,0
1,4,500,752,0
1,4,800,622,0
1,4,200,833,0
1,4,900,644,0
1,4,500,341,0
1,4,600,19,0
1,4,800,292,0
1,4,300,720,0
1,4,100,691,0
1,4,900,527,0
1,4,500,30,0
1,4,600,78,0
1,4,200,456,0
1,4,600,774,0
1,4,600,140,0
1,4,100,681,0
1,4,800,498,0
1,4,100,49,0
1,4,800,849,0
1,4,400,61,0
1,4,900,758,0
1,4,600,38,0
1,4,800,87,0
1,4,500,738,0
1,4,100,652,0
1,4,300,382,0
1,4,100,518,0
1,4,600,120,0
1,4,900,239,0
1,4,800,516,0
1,4,900,435,0
1,4,200,96,0
1,4,500,319,0
1,4,600,13,0
1,4,500,148,0
1,4,900,725,0
1,4,500,702,0
1,4,800,185,0
1,4,700,783,0
1,4,800,123,0
1,4,600,443,0
1,4,800,388,0
1,4,800,611,0
1,4,500,447,0
1,4,700,446,0
1,4,800,765,0
1,4,800,822,0
1,4,900,485,0
1,4,700,281,0
1,4,900,60,0
1,4,800,280,0
1,4,500,660,0
1,4,400,266,0
1,4,600,184,0
1,4,700,365,0
1,4,200,606,0
1,4,600,386,0
1,4,900,133,0
1,4,900,741,0
1,4,500,177,0
1,4,200,653,0
1,4,900,225,0
1,4,700,639,0
1,4,800,557,0
1,4,900,639,0
1,4,900,113,0
1,4,700,35,0
1,4,100,398,0
1,4,800,217,0
1,4,700,158,0
1,4,900,812,0
1,4,200,722,0
1,4,200,235,0
1,4,600,75,0
1,4,300,207,0
1,4,700,282,0
1,4,900,345,0
1,4,900,573,0
1,4,500,295,0
1,4,700,358,0
1,4,200,353,0
1,4,700,583,0
1,4,300,525,0
1,4,500,652,0
1,4,800,630,0
1,4,100,57,0
1,4,200,89,0
1,4,900,589,0
1,4,900,212,0
1,4,600,652,0
1,4,800,224,0
1,4,900,830,0
1,4,500,12,0
1,4,700,415,0
1,4,200,317,0
1,4,700,559,0
1,4,500,590,0
1,4,300,431,0
1,4,500,465,0
1,4,700,580,0
1,4,800,775,0
1,4,100,687,0
1,4,600,109,0
1,4,700,746,0
1,4,400,134,0
1,4,400,243,0
1,4,800,690,0
1,4,900,41,0
1,4,600,784,0
1,4,700,78,0
1,4,800,839,0
1,4,100,613,0
1,4,500,354,0
1,4,500,437,0
1,4,500,46,0
1,4,100,478,0
1,4,900,821,0
1,4,900,11,0
1,4,600,753,0
1,4,400,549,0
1,4,800,23,0
1,4,700,809,0
1,4,900,148,0
1,4,900,742,0
1,4,600,789,0
1,4,100,719,0
1,4,100,834,0
1,4,900,195,0
1,4,600,670,0
1,4,700,206,0
1,4,700,488,0
1,4,500,368,0
1,4,700,65,0
1,4,900,139,0
1,4,100,401,0
1,4,900,277,0
1,4,200,129,0
1,4,800,178,0
1,4,400,630,0
1,4,800,843,0
1,4,600,550,0
1,4,700,146,0
1,4,900,655,0
1,4,400,352,0
1,4,500,191,0
1,4,700,613,0
1,4,200,218,0
1,4,800,459,0
1,4,200,727,0
1,4,700,467,0
1,4,100,561,0
1,4,300,219,0
1,4,400,317,0
1,4,800,526,0
1,4,800,168,0
1,4,100,230,0
1,4,300,347,0
1,4,900,694,0
1,4,500,742,0
1,4,100,708,0
1,4,900,781,0
1,4,900,727,0
1,4,600,744,0
1,4,200,73,0
1,4,600,93,0
1,4,700,568,0
1,4,500,695,0
1,4,900,362,0
1,4,600,572,0
1,4,800,501,0
1,4,400,754,0
1,4,700,150,0
1,4,400,793,0
1,4,700,414,0
1,4,700,405,0
1,4,800,72,0
1,4,600,507,0
1,4,700,411,0
1,4,300,281,0
1,4,300,610,0
1,4,900,278,0
1,4,400,31,0
1,4,500,428,0
1,4,100,664,0
1,4,800,128,0
1,4,900,695,0
1,4,900,685,0
1,4,900,446,0
1,4,800,111,0
1,4,600,808,0
1,4,500,157,0
1,4,800,737,0
1,4,100,283,0
1,4,400,306,0
1,4,600,183,0
1,4,600,841,0
1,4,600,354,0
1,4,100,175,0
1,4,800,816,0
1,4,500,19,0
1,4,900,28,0
1,4,800,434,0
1,4,600,408,0
1,4,300,706,0
1,4,500,821,0
1,4,700,389,0
1,4,700,28,0
1,4,700,327,0
1,4,800,436,0
1,4,200,312,0
1,4,900,58,0
1,4,800,394,0
1,4,800,36,0
1,4,800,570,0
1,4,900,186,0
1,4,700,210,0
1,4,200,523,0
1,4,900,39,0
1,4,100,779,0
1,4,400,388,0
1,4,500,10,0
1,4,200,855,0
1,4,600,621,0
1,4,800,372,0
1,4,800,681,0
1,4,800,695,0
1,4,600,133,0
1,4,900,481,0
1,4,700,675,0
1,4,600,457,0
1,4,800,669,0
1,4,900,623,0
1,4,800,446,0
1,4,100,280,0
1,4,900,19,0
1,4,800,157,0
1,4,700,631,0
1,4,800,575,0
1,4,800,545,0
1,4,700,829,0
1,4,500,346,0
1,4,300,743,0
1,4,700,138,0
1,4,500,383,0
1,4,800,223,0
1,4,600,171,0
1,4,700,366,0
1,4,800,195,0
1,4,800,679,0
1,4,500,466,0
1,4,800,438,0
1,4,800,423,0
1,4,700,670,0
1,4,300,449,0
1,4,900,504,0
1,4,700,650,0
1,4,200,22,0
1,4,700,374,0
1,4,100,59,0
1,4,600,540,0
1,4,400,700,0
1,4,800,672,0
1,4,800,291,0
1,4,200,748,0
1,4,400,484,0
1,4,500,42,0
1,4,400,488,0
1,4,900,390,0
1,4,800,125,0
1,4,500,610,0
1,4,800,846,0
1,4,700,764,0
1,4,800,186,0
1,4,600,688,0
1,4,800,277,0
1,4,700,317,0
1,4,600,514,0
1,4,900,262,0
1,4,500,490,0
1,4,900,24,0
1,4,800,161,0
1,4,500,144,0
1,4,700,226,0
1,4,300,32,0
1,4,800,408,0
1,4,800,483,0
1,4,900,656,0
1,4,900,577,0
1,4,900,120,0
1,4,700,690,0
1,4,800,766,0
1,4,600,707,0
1,4,900,542,0
1,4,700,313,0
1,4,500,730,0
1,4,900,428,0
1,4,900,505,0
1,4,200,308,0
1,4,400,38,0
1,4,800,6,0
1,4,700,268,0
1,4,800,610,0
1,4,700,761,0
1,4,100,217,0
1,4,700,555,0
1,4,900,651,0
1,4,700,640,0
1,4,500,142,0
1,4,500,542,0
1,4,300,807,0
1,4,800,311,0
1,4,200,749,0
1,4,900,284,0
1,4,200,477,0
1,4,800,800,0
1,4,900,436,0
1,4,900,64,0
1,4,600,389,0
1,4,700,212,0
1,4,700,44,0
1,4,900,289,0
1,4,800,701,0
1,4,800,146,0
1,4,800,134,0
1,4,500,488,0
1,4,600,310,0
1,4,900,514,0
1,4,100,208,0
1,4,800,540,0
1,4,900,512,0
1,4,800,704,0
1,4,700,722,0
1,4,400,407,0
1,4,200,694,0
1,4,600,623,0
1,4,100,320,0
1,4,200,451,0
1,4,100,634,0
1,4,900,590,0
1,4,500,304,0
1,4,900,86,0
1,4,100,189,0
1,4,800,273,0
1,4,300,551,0
1,4,800,651,0
1,4,200,18,0
1,4,800,637,0
1,4,700,669,0
1,4,700,423,0
1,4,700,343,0
1,4,500,816,0
1,4,600,219,0
1,4,400,285,0
1,4,600,425,0
1,4,800,405,0
1,4,800,799,0
1,4,700,319,0
1,4,800,519,0
1,4,600,738,0
1,4,500,705,0
1,4,800,100,0
1,4,200,556,0
1,4,600,538,0
1,4,700,385,0
1,4,900,348,0
1,4,500,231,0
1,4,800,343,0
1,4,500,65,0
1,4,700,372,0
1,4,400,711,0
1,4,400,3,0
1,4,900,20,0
1,4,800,306,0
1,4,400,86,0
1,4,700,252,0
1,4,600,472,0
1,4,500,755,0
1,4,800,798,0
1,4,800,266,0
1,4,900,184,0
1,4,500,246,0
1,4,800,810,0
1,4,900,673,0
1,4,100,711,0
1,4,900,155,0
1,4,100,38,0
1,4,200,518,0
1,4,400,693,0
1,4,600,739,0
1,4,100,149,0
1,4,900,183,0
1,4,600,698,0
1,4,900,800,0
1,4,200,718,0
1,4,400,787,0
1,4,900,629,0
1,4,700,345,0
1,4,700,549,0
1,4,800,571,0
1,4,900,326,0
1,4,900,779,0
1,4,800,460,0
1,4,400,811,0
1,4,600,546,0
1,4,800,28,0
1,4,700,492,0
1,4,700,652,0
1,4,900,274,0
1,4,800,199,0
1,4,300,419,0
1,4,900,366,0
1,4,500,377,0
1,4,800,657,0
1,4,800,458,0
1,4,800,506,0
1,4,700,97,0
1,4,900,494,0
1,4,700,406,0
1,4,900,91,0
1,4,800,33,0
1,4,600,162,0
1,4,700,791,0
1,4,700,392,0
1,4,600,487,0
1,4,500,709,0
1,4,800,655,0
1,4,900,796,0
1,4,500,417,0
1,4,500,426,0
1,4,400,736,0
1,4,900,856,0
1,4,400,316,0
1,4,700,553,0
1,4,100,585,0
1,4,300,132,0
1,4,100,64,0
1,4,700,183,0
1,4,900,807,0
1,4,800,149,0
1,4,100,79,0
1,4,100,285,0
1,4,800,563,0
1,4,900,839,0
1,4,100,847,0
1,4,600,791,0
1,4,800,258,0
1,4,800,821,0
1,4,900,311,0
1,4,500,380,0
1,4,400,156,0
1,4,900,50,0
1,4,500,740,0
1,4,200,170,0
1,4,600,785,0
1,4,900,482,0
1,4,300,173,0
1,4,500,698,0
1,4,400,857,0
1,4,200,244,0
1,4,700,447,0
1,4,900,432,0
1,4,600,106,0
1,4,900,328,0
1,4,700,103,0
1,4,500,255,0
1,4,600,726,0
1,4,700,678,0
1,4,800,829,0
1,4,500,281,0
1,4,800,453,0
1,4,800,279,0
1,4,500,407,0
1,4,700,344,0
1,4,800,837,0
1,4,900,51,0
1,4,200,251,0
1,4,300,196,0
1,4,800,462,0
1,4,900,540,0
1,4,800,56,0
1,4,700,241,0
1,4,800,105,0
1,4,100,704,0
1,4,100,6,0
1,4,900,94,0
1,4,700,30,0
1,4,700,811,0
1,4,600,388,0
1,4,100,710,0
1,4,700,45,0
1,4,500,507,0
1,4,900,465,0
1,4,900,745,0
1,4,900,161,0
1,4,900,383,0
1,4,900,216,0
1,4,400,376,0
1,4,700,852,0
1,4,700,249,0
1,4,200,202,0
1,4,300,142,0
1,4,900,470,0
1,4,400,231,0
1,4,700,82,0
1,4,300,237,0
1,4,800,569,0
1,4,800,835,0
1,4,100,534,0
1,4,900,511,0
1,4,600,241,0
1,4,500,812,0
1,4,700,186,0
1,4,500,749,0
1,4,600,359,0
1,4,800,183,0
1,4,700,192,0
1,4,600,754,0
1,4,900,276,0
1,4,900,380,0
1,4,100,690,0
1,4,400,507,0
1,4,900,605,0
1,4,200,23,0
1,4,800,463,0
1,4,800,797,0
1,4,500,293,0
1,4,700,814,0
1,4,700,388,0
1,4,200,107,0
1,4,900,402,0
1,4,200,561,0
1,4,100,126,0
1,4,400,748,0
1,4,800,804,0
1,4,600,593,0
1,4,700,7,0
1,4,900,74,0
1,4,800,546,0
1,4,700,37,0
1,4,100,640,0
1,4,900,862,0
1,4,700,850,0
1,4,100,266,0
1,4,900,863,0
1,4,800,316,0
1,4,500,188,0
1,4,700,96,0
1,4,100,659,0
1,4,400,274,0
1,4,200,15,0
1,4,900,670,0
1,4,700,201,0
1,4,100,228,0
1,4,800,328,0
1,4,900,437,0
1,4,900,718,0
1,4,300,466,0
1,4,400,158,0
1,4,900,304,0
1,4,900,664,0
1,4,600,660,0
1,4,800,44,0
1,4,700,609,0
1,4,500,691,0
1,4,200,313,0
1,4,800,429,0
1,4,800,688,0
1,4,500,647,0
1,4,800,495,0
1,4,100,563,0
1,4,900,645,0
1,4,200,79,0
1,4,600,768,0
1,4,700,771,0
1,4,800,847,0
1,4,300,211,0
1,4,700,129,0
1,4,500,45,0
1,4,600,745,0
1,4,100,405,0
1,4,300,7,0
1,4,900,29,0
1,4,100,835,0
1,4,900,857,0
1,4,600,551,0
1,4,500,768,0
1,4,200,657,0
1,4,200,214,0
1,4,800,375,0
1,4,900,146,0
1,4,900,463,0
1,4,800,25,0
1,4,800,764,0
1,4,500,791,0
1,4,900,489,0
1,4,700,208,0
1,4,800,365,0
1,4,600,740,0
1,4,300,332,0
1,4,400,468,0
1,4,500,472,0
1,4,200,44,0
1,4,200,659,0
1,4,500,310,0
1,4,400,649,0
1,4,500,411,0
1,4,900,305,0
1,4,900,424,0
1,4,900,62,0
1,4,800,99,0
1,4,500,858,0
1,4,600,737,0
1,4,800,268,0
1,4,700,430,0
1,4,900,736,0
1,4,800,79,0
1,4,800,74,0
1,4,200,724,0
1,4,300,335,0
1,4,100,318,0
1,4,500,96,0
1,4,200,103,0
1,4,500,35,0
1,4,700,520,0
1,4,200,106,0
1,4,300,512,0
1,4,900,770,0
1,4,800,772,0
1,4,700,189,0
1,4,600,190,0
1,4,100,767,0
1,4,800,422,0
1,4,900,696,0
1,4,900,798,0
1,4,900,399,0
1,4,800,418,0
1,4,700,645,0
1,4,700,632,0
1,4,400,682,0
1,4,600,287,0
1,4,700,288,0
1,4,900,636,0
1,4,900,422,0
1,4,900,642,0
1,4,800,588,0
1,4,300,269,0
1,4,700,51,0
1,4,900,838,0
1,4,600,669,0
1,4,400,690,0
1,4,900,332,0
1,4,700,70,0
1,4,800,322,0
1,4,900,516,0
1,4,700,688,0
1,4,900,248,0
1,4,500,353,0
1,4,300,605,0
1,4,600,366,0
1,4,600,269,0
1,4,700,576,0
1,4,900,637,0
1,4,800,591,0
1,4,200,13,0
1,4,500,104,0
1,4,400,79,0
1,4,400,695,0
1,4,400,430,0
1,4,700,638,0
1,4,400,740,0
1,4,900,716,0
1,4,100,97,0
1,4,500,20,0
1,4,400,537,0
1,4,800,47,0
1,4,600,857,0
1,4,100,473,0
1,4,700,180,0
1,4,600,776,0
1,4,900,371,0
1,4,900,581,0
1,4,700,194,0
1,4,900,116,0
1,4,700,3,0
1,4,600,642,0
1,4,800,221,0
1,4,600,84,0
1,4,400,337,0
1,4,100,42,0
1,4,800,238,0
1,4,700,630,0
1,4,700,270,0
1,4,100,683,0
1,4,500,173,0
1,4,300,755,0
1,4,800,461,0
1,4,700,137,0
1,4,900,38,0
1,4,600,560,0
1,4,700,859,0
1,4,900,476,0
1,4,900,793,0
1,4,800,697,0
1,4,400,446,0
1,4,700,145,0
1,4,600,251,0
1,4,800,164,0
1,4,900,175,0
1,4,700,718,0
1,4,800,294,0
1,4,900,611,0
1,4,900,712,0
1,4,900,503,0
1,4,600,153,0
1,4,600,831,0
1,4,100,337,0
1,4,800,705,0
1,4,400,44,0
1,4,700,265,0
1,4,700,651,0
1,4,500,37,0
1,4,800,300,0
1,4,600,786,0
1,4,400,584,0
1,4,800,144,0
1,4,700,14,0
1,4,800,117,0
1,4,500,532,0
1,4,800,607,0
1,4,400,746,0
1,4,500,103,0
1,4,200,418,0
1,4,900,782,0
1,4,300,428,0
1,4,500,269,0
1,4,900,604,0
1,4,900,339,0
1,4,900,71,0
1,4,700,472,0
1,4,800,415,0
1,4,200,568,0
1,4,700,211,0
1,4,700,224,0
1,4,800,599,0
1,4,700,87,0
1,4,700,554,0
1,4,900,109,0
1,4,800,22,0
1,4,900,211,0
1,4,600,247,0
1,4,400,260,0
1,4,800,293,0
1,4,600,156,0
1,4,500,588,0
1,4,900,26,0
1,4,700,169,0
1,4,700,708,0
1,4,500,505,0
1,4,800,368,0
1,4,800,653,0
1,4,300,659,0
1,4,200,548,0
1,4,100,502,0
1,4,500,50,0
1,4,100,702,0
1,4,900,525,0
1,4,800,447,0
1,4,800,454,0
1,4,300,316,0
1,4,700,476,0
1,4,800,666,0
1,4,600,817,0
1,4,900,529,0
1,4,200,69,0
1,4,700,713,0
1,4,400,421,0
1,4,800,103,0
1,4,800,213,0
1,4,900,850,0
1,4,200,47,0
1,4,900,849,0
1,4,600,195,0
1,4,100,249,0
1,4,300,62,0
1,4,800,130,0
1,4,400,462,0
1,4,600,704,0
1,4,800,237,0
1,4,800,850,0
1,4,600,475,0
1,4,600,769,0
1,4,200,94,0
1,4,400,641,0
1,4,500,509,0
1,4,800,741,0
1,4,100,309,0
1,4,900,835,0
1,4,500,766,0
1,4,700,325,0
1,4,900,215,0
1,4,700,606,0
1,4,200,682,0
1,4,400,356,0
1,4,900,749,0
1,4,700,167,0
1,4,900,750,0
1,4,500,258,0
1,4,100,495,0
1,4,400,440,0
1,4,800,437,0
1,4,800,832,0
1,4,600,863,0
1,4,800,85,0
1,4,800,259,0
1,4,300,476,0
1,4,700,84,0
1,4,200,673,0
1,4,800,699,0
1,4,800,518,0
1,4,500,52,0
1,4,800,736,0
1,4,900,500,0
1,4,700,287,0
1,4,900,107,0
1,4,500,556,0
1,4,900,154,0
1,4,900,547,0
1,4,100,32,0
1,4,800,119,0
1,4,100,414,0
1,4,800,658,0
1,4,100,529,0
1,4,800,615,0
1,4,700,41,0
1,4,100,295,0
1,4,400,596,0
1,4,300,779,0
1,4,800,698,0
1,4,900,295,0
1,4,500,230,0
1,4,900,52,0
1,4,900,206,0
1,4,900,292,0
1,4,700,602,0
1,4,700,419,0
1,4,900,848,0
1,4,400,242,0
1,4,200,580,0
1,4,100,408,0
1,4,400,771,0
1,4,500,540,0
1,4,200,611,0
1,4,900,255,0
1,4,700,860,0
1,4,700,139,0
1,4,400,394,0
1,4,800,15,0
1,4,700,90,0
1,4,200,812,0
1,4,900,302,0
1,4,900,483,0
1,4,600,602,0
1,4,800,507,0
1,4,700,522,0
1,4,200,1,0
1,4,700,380,0
1,4,700,100,0
1,4,700,264,0
1,4,200,760,0
1,4,800,682,0
1,4,800,784,0
1,4,400,305,0
1,4,900,387,0
1,4,600,383,0
1,4,200,93,0
1,4,900,340,0
1,4,800,84,0
1,4,800,617,0
1,4,500,71,0
1,4,700,32,0
1,4,500,713,0
1,4,100,35,0
1,4,900,389,0
1,4,900,442,0
1,4,700,384,0
1,4,800,325,0
1,4,800,147,0
1,4,900,731,0
1,4,800,528,0
1,4,200,529,0
1,4,400,703,0
1,4,400,635,0
1,4,700,660,0
1,4,900,296,0
1,4,300,775,0
1,4,500,789,0
1,4,100,364,0
1,4,600,380,0
1,4,800,190,0
1,4,800,842,0
1,4,800,441,0
1,4,200,793,0
1,4,100,660,0
1,4,800,587,0
1,4,800,204,0
1,4,400,826,0
1,4,900,287,0
1,4,100,220,0
1,4,900,502,0
1,4,800,482,0
1,4,900,499,0
1,4,900,77,0
1,4,100,273,0
1,4,500,337,0
1,4,700,46,0
1,4,100,446,0
1,4,400,708,0
1,4,600,488,0
1,4,800,652,0
1,4,800,500,0
1,4,800,65,0
1,4,600,371,0
1,4,100,743,0
1,4,500,495,0
1,4,800,244,0
1,4,500,642,0
1,4,900,150,0
1,4,100,370,0
1,4,800,327,0
1,4,500,430,0
1,4,400,795,0
1,4,500,22,0
1,4,700,730,0
1,4,900,610,0
1,4,700,356,0
1,4,900,418,0
1,4,400,800,0
1,4,600,267,0
1,4,900,207,0
1,4,600,523,0
1,4,400,824,0
1,4,800,284,0
1,4,800,324,0
1,4,800,603,0
1,4,500,845,0
1,4,200,829,0
1,4,100,537,0
1,4,300,151,0
1,4,800,40,0
1,4,600,128,0
1,4,900,507,0
1,4,700,711,0
1,4,900,230,0
1,4,800,475,0
1,4,700,413,0
1,4,400,781,0
1,4,800,285,0
1,4,100,99,0
1,4,700,679,0
1,4,200,102,0
1,4,900,746,0
1,4,700,255,0
1,4,700,92,0
1,4,800,675,0
1,4,800,674,0
1,4,600,622,0
1,4,800,373,0
1,4,800,335,0
1,4,500,776,0
1,4,600,471,0
1,4,800,845,0
1,4,800,30,0
1,4,700,198,0
1,4,700,575,0
1,4,600,301,0
1,4,200,726,0
1,4,600,750,0
1,4,600,470,0
1,4,800,133,0
1,4,800,153,0
1,4,800,751,0
1,4,900,468,0
1,4,500,661,0
1,4,800,116,0
1,4,400,368,0
1,4,700,591,0
1,4,600,596,0
1,4,700,236,0
1,4,100,288,0
1,4,200,160,0
1,4,900,582,0
1,4,500,773,0
1,4,600,249,0
1,4,500,92,0
1,4,200,472,0
1,4,800,193,0
1,4,500,861,0
1,4,600,736,0
1,4,100,31,0
1,4,900,100,0
1,4,900,242,0
1,4,900,755,0
1,4,900,429,0
1,4,800,700,0
1,4,900,224,0
1,4,200,252,0
1,4,900,335,0
1,4,800,723,0
1,4,200,61,0
1,4,600,56,0
1,4,900,554,0
1,4,900,319,0
1,4,900,550,0
1,4,200,790,0
1,4,900,804,0
1,4,800,166,0
1,4,700,649,0
1,4,900,523,0
1,4,800,242,0
1,4,800,861,0
1,4,900,410,0
1,4,200,764,0
1,4,600,805,0
1,4,500,681,0
1,4,500,362,0
1,4,700,223,0
1,4,400,411,0
1,4,800,170,0
1,4,900,791,0
1,4,500,399,0
1,4,500,429,0
1,4,600,144,0
1,4,700,699,0
1,4,800,826,0
1,4,200,569,0
1,4,700,64,0
1,4,800,786,0
1,4,700,362,0
1,4,400,303,0
1,4,700,584,0
1,4,100,379,0
1,4,800,530,0
1,4,400,41,0
1,4,500,261,0
1,4,700,827,0
1,4,100,232,0
1,4,100,692,0
1,4,800,456,0
1,4,800,181,0
1,4,100,9,0
1,4,900,167,0
1,4,200,132,0
1,4,900,744,0
1,4,200,356,0
1,4,600,229,0
1,4,400,720,0
1,4,100,65,0
1,4,800,785,0
1,4,800,363,0
1,4,800,794,0
1,4,800,473,0
1,4,600,681,0
1,4,900,557,0
1,4,700,693,0
1,4,500,853,0
1,4,500,551,0
1,4,900,214,0
1,4,800,96,0
1,4,900,375,0
1,4,600,103,0
1,4,600,755,0
1,4,500,807,0
1,4,200,498,0
1,4,700,247,0
1,4,900,459,0
1,4,900,78,0
1,4,900,486,0
1,4,100,236,0
1,4,800,124,0
1,4,700,421,0
1,4,900,425,0
1,4,800,315,0
1,4,100,453,0
1,4,700,235,0
1,4,900,360,0
1,4,500,580,0
1,4,800,301,0
1,4,800,535,0
1,4,500,527,0
1,4,600,130,0
1,4,400,529,0
1,4,800,78,0
1,4,800,808,0
1,4,800,601,0
1,4,700,2,0
1,4,800,716,0
1,4,100,241,0
1,4,900,158,0
1,4,300,624,0
1,4,700,262,0
1,4,100,296,0
1,4,500,775,0
1,4,700,195,0
1,4,700,4,0
1,4,500,11,0
1,4,800,60,0
1,4,900,600,0
1,4,600,453,0
1,4,900,367,0
1,4,600,662,0
1,4,500,485,0
1,4,900,706,0
1,4,100,259,0
1,4,800,742,0
1,4,600,856,0
1,4,500,800,0
1,4,400,438,0
1,4,700,130,0
1,4,300,521,0
1,4,700,700,0
1,4,900,397,0
1,4,700,185,0
1,4,200,553,0
1,4,700,818,0
1,4,200,650,0
1,4,600,682,0
1,4,800,211,0
1,4,700,393,0
1,4,700,177,0
1,4,300,408,0
1,4,900,317,0
1,4,900,518,0
1,4,400,834,0
1,4,600,48,0
1,4,200,520,0
1,4,600,826,0
1,4,700,839,0
1,4,200,419,0
1,4,700,540,0
1,4,800,48,0
1,4,200,728,0
1,4,100,98,0
1,4,600,202,0
1,4,500,650,0
1,4,900,563,0
1,4,600,477,0
1,4,700,473,0
1,4,400,467,0
1,4,800,824,0
1,4,900,754,0
1,4,600,798,0
1,4,500,817,0
1,4,100,307,0
1,4,400,470,0
1,4,700,156,0
1,4,500,850,0
1,4,800,155,0
1,4,800,577,0
1,4,700,646,0
1,4,800,175,0
1,4,900,267,0
1,4,900,76,0
1,4,800,323,0
1,4,900,778,0
1,4,500,303,0
1,4,800,270,0
1,4,700,409,0
1,4,100,599,0
1,4,700,386,0
1,4,900,271,0
1,4,400,415,0
1,4,800,512,0
1,4,700,429,0
1,4,400,659,0
1,4,900,555,0
1,4,700,371,0
1,4,700,697,0
1,4,700,58,0
1,4,500,106,0
1,4,700,744,0
1,4,100,832,0
1,4,900,700,0
1,4,800,661,0
1,4,900,797,0
1,4,800,188,0
1,4,500,316,0
1,4,900,6,0
1,4,400,560,0
1,4,700,149,0
1,4,100,66,0
1,4,800,726,0
1,4,700,115,0
1,4,400,39,0
1,4,800,132,0
1,4,700,191,0
1,4,800,721,0
1,4,500,147,0
1,4,700,254,0
1,4,800,663,0
1,4,900,602,0
1,4,500,643,0
1,4,600,317,0
1,4,100,658,0
1,4,900,585,0
1,4,700,11,0
1,4,900,108,0
1,4,800,589,0
1,4,500,186,0
1,4,600,377,0
1,4,200,562,0
1,4,600,677,0
1,4,600,343,0
1,4,900,666,0
1,4,900,324,0
1,4,400,229,0
1,4,100,806,0
1,4,200,254,0
1,4,200,141,0
1,4,800,485,0
1,4,700,152,0
1,4,100,29,0
1,4,200,344,0
1,4,800,69,0
1,4,900,764,0
1,4,700,541,0
1,4,500,677,0
1,4,700,320,0
1,4,600,530,0
1,4,900,676,0
1,4,700,677,0
1,4,700,628,0
1,4,400,698,0
1,4,700,774,0
1,4,900,686,0
1,4,800,413,0
1,4,300,75,0
1,4,800,264,0
1,4,700,518,0
1,4,700,400,0
1,4,800,863,0
1,4,700,217,0
1,4,900,844,0
1,4,700,300,0
1,4,800,364,0
1,4,800,162,0
1,4,800,608,0
1,4,800,646,0
1,4,200,133,0
1,4,100,323,0
1,4,500,289,0
1,4,400,476,0
1,4,900,845,0
1,4,700,271,0
1,4,400,284,0
1,4,300,25,0
1,4,700,673,0
1,4,200,49,0
1,4,700,433,0
1,4,900,203,0
1,4,700,643,0
1,4,900,668,0
1,4,800,8,0
1,4,400,27,0
1,4,200,685,0
1,4,900,217,0
1,4,800,288,0
1,4,900,506,0
1,4,700,701,0
1,4,800,424,0
1,4,200,407,0
1,4,200,515,0
1,4,800,106,0
1,4,700,132,0
1,4,700,617,0
1,4,700,500,0
1,4,500,105,0
1,4,600,673,0
1,4,300,284,0
1,4,800,256,0
1,4,900,748,0
1,4,500,29,0
1,4,100,243,0
1,4,700,440,0
1,4,900,105,0
1,4,800,662,0
1,4,600,22,0
1,4,500,769,0
1,4,800,275,0
1,4,600,748,0
1,4,900,69,0
1,4,600,97,0
1,4,900,543,0
1,4,900,260,0
1,4,800,112,0
1,4,700,0,0
1,4,800,118,0
1,4,600,452,0
1,4,800,536,0
1,4,900,191,0
1,4,800,252,0
1,4,600,689,0
1,4,700,79,0
1,4,400,437,0
1,4,700,390,0
1,4,400,825,0
1,4,800,634,0
1,4,800,122,0
1,4,900,508,0
1,4,200,40,0
1,4,700,379,0
1,4,500,516,0
1,4,100,444,0
1,4,700,477,0
1,4,200,6,0
1,4,300,397,0
1,4,600,158,0
1,4,900,447,0
1,4,100,350,0
1,4,900,615,0
1,4,800,584,0
1,4,800,780,0
1,4,800,355,0
1,4,200,276,0
1,4,700,715,0
1,4,800,397,0
1,4,500,409,0
1,4,900,488,0
1,4,600,111,0
1,4,700,530,0
1,4,800,554,0
1,4,500,708,0
1,4,600,606,0
1,4,800,748,0
1,4,200,538,0
1,4,300,824,0
1,4,900,601,0
1,4,200,468,0
1,4,400,281,0
1,4,700,853,0
1,4,400,330,0
1,4,700,615,0
1,4,700,567,0
1,4,900,495,0
1,4,500,64,0
1,4,900,130,0
1,4,900,719,0
1,4,900,427,0
1,4,200,224,0
1,4,800,234,0
1,4,900,103,0
1,4,700,83,0
1,4,100,602,0
1,4,500,455,0
1,4,700,123,0
1,4,900,312,0
1,4,500,357,0
1,4,400,702,0
1,4,100,40,0
1,4,300,54,0
1,4,300,623,0
1,4,900,179,0
1,4,600,373,0
1,4,800,176,0
1,4,200,588,0
1,4,500,711,0
1,4,500,747,0
1,4,500,124,0
1,4,700,121,0
1,4,200,683,0
1,4,900,44,0
1,4,500,716,0
1,4,300,645,0
1,4,700,243,0
1,4,300,352,0
1,4,600,395,0
1,4,400,705,0
1,4,900,106,0
1,4,900,325,0
1,4,700,851,0
1,4,800,121,0
1,4,800,141,0
1,4,700,205,0
1,4,700,861,0
1,4,800,53,0
1,4,500,370,0
1,4,500,746,0
1,4,800,326,0
1,4,600,861,0
1,4,400,314,0
1,4,800,216,0
1,4,900,675,0
1,4,800,472,0
1,4,400,51,0
1,4,600,809,0
1,4,300,5,0
1,4,600,684,0
1,4,800,718,0
1,4,200,834,0
1,4,300,462,0
1,4,400,247,0
1,4,700,12,0
1,4,700,98,0
1,4,800,744,0
1,4,100,777,0
1,4,800,179,0
1,4,900,393,0
1,4,800,77,0
1,4,600,455,0
1,4,800,151,0
1,4,600,284,0
1,4,700,323,0
1,4,800,579,0
1,4,100,105,0
1,4,400,263,0
1,4,800,371,0
1,4,800,758,0
1,4,700,335,0
1,4,800,538,0
1,4,500,765,0
1,4,500,222,0
1,4,700,841,0
1,4,100,53,0
1,4,800,763,0
1,4,200,464,0
1,4,400,280,0
1,4,900,101,0
1,4,900,717,0
1,4,500,718,0
1,4,700,62,0
1,4,900,591,0
1,4,900,444,0
1,4,800,145,0
1,4,800,115,0
1,4,800,399,0
1,4,500,119,0
1,4,800,553,0
1,4,800,321,0
1,4,700,612,0
1,4,500,18,0
1,4,900,404,0
1,4,500,424,0
1,4,400,50,0
1,4,500,335,0
1,4,700,795,0
1,4,600,771,0
1,4,800,126,0
1,4,500,321,0
1,4,800,768,0
1,4,500,307,0
1,4,700,315,0
1,4,200,655,0
1,4,400,734,0
1,4,200,667,0
1,4,800,289,0
1,4,800,725,0
1,4,900,674,0
